treatment,tree_id,deploy,metabolite,site_num,tree_num,decomp_day,well_id,time,od_raw,od_corrected_b,od_corrected_b_n,nm
P,HOK,HOK,SEK,2,5,7,1A,30,0.79,0.9659177747,0.8408986703,590
AB,HOK,HOK,SEK,2,5,7,1B,30,1.467,1.793672627,1.668653523,590
P,SEK,HOK,SEK,2,5,7,1C,30,1.748,2.137245912,2.012226807,590
AB,SEK,HOK,SEK,2,5,7,1D,30,1.508,1.843802537,1.718783433,590
P,SEK,SEK,SEK,2,5,7,1E,30,0.527,0.6443527434,0.519333639,590
AB,SEK,SEK,SEK,2,5,7,1F,30,0.453,0.5538743696,0.4288552652,590
P,HOK,SEK,SEK,2,5,7,1G,30,1.363,1.666513832,1.541494727,590
AB,HOK,SEK,SEK,2,5,7,1H,30,1.864,2.279076876,2.154057772,590
P,HOK,HOK,SEK,2,4,7,2A,30,0.394,0.4817362066,0.3567171022,590
AB,HOK,HOK,SEK,2,4,7,2B,30,0.71,0.8681033165,0.7430842121,590
P,SEK,HOK,SEK,2,4,7,2C,30,0.332,0.4059300015,0.2809108971,590
AB,SEK,HOK,SEK,2,4,7,2D,30,0.64,0.7825156656,0.6574965612,590
P,SEK,SEK,SEK,2,4,7,2E,30,0.428,0.5233073514,0.398288247,590
AB,SEK,SEK,SEK,2,4,7,2F,30,0.55,0.6724744001,0.5474552957,590
P,HOK,SEK,SEK,2,4,7,2G,30,0.391,0.4780681645,0.3530490601,590
AB,HOK,SEK,SEK,2,4,7,2H,30,2.054,2.511386214,2.38636711,590
P,HOK,HOK,SEK,2,3,7,3A,30,1.502,1.836466453,1.711447348,590
AB,HOK,HOK,SEK,2,3,7,3B,30,1.523,1.862142748,1.737123644,590
P,SEK,HOK,SEK,2,3,7,3C,30,1.045,1.27770136,1.152682256,590
AB,SEK,HOK,SEK,2,3,7,3D,30,0.383,0.4682867186,0.3432676142,590
P,SEK,SEK,SEK,2,3,7,3E,30,1.969,2.407458352,2.282439248,590
AB,SEK,SEK,SEK,2,3,7,3F,30,0.392,0.4792908452,0.3542717408,590
P,HOK,SEK,SEK,2,3,7,3G,30,0.394,0.4817362066,0.3567171022,590
AB,HOK,SEK,SEK,2,3,7,3H,30,0.383,0.4682867186,0.3432676142,590
P,HOK,HOK,SEK,2,2,7,4A,30,1.057,1.292373529,1.167354425,590
AB,HOK,HOK,SEK,2,2,7,4B,30,1.299,1.588262265,1.463243161,590
P,SEK,HOK,SEK,2,2,7,4C,30,1.471,1.79856335,1.673544246,590
AB,SEK,HOK,SEK,2,2,7,4D,30,1.462,1.787559224,1.662540119,590
P,SEK,SEK,SEK,2,2,7,4E,30,1.304,1.594375669,1.469356564,590
AB,SEK,SEK,SEK,2,2,7,4F,30,0.367,0.448723827,0.3237047226,590
P,HOK,SEK,SEK,2,2,7,4G,30,0.323,0.394925875,0.2699067706,590
AB,HOK,SEK,SEK,2,2,7,4H,30,0.785,0.9598043711,0.8347852667,590
P,HOK,HOK,SEK,2,1,7,5A,30,0.929,1.135870396,1.010851291,590
AB,HOK,HOK,SEK,2,1,7,5B,30,0.523,0.6394620205,0.5144429161,590
P,SEK,HOK,SEK,2,1,7,5C,30,0.583,0.7128228641,0.5878037597,590
AB,SEK,HOK,SEK,2,1,7,5D,30,0.796,0.9732538591,0.8482347547,590
P,SEK,SEK,SEK,2,1,7,5E,30,0.833,1.018493046,0.8934739416,590
AB,SEK,SEK,SEK,2,1,7,5F,30,0.517,0.6321259361,0.5071068317,590
P,HOK,SEK,SEK,2,1,7,5G,30,0.514,0.6284578939,0.5034387895,590
AB,HOK,SEK,SEK,2,1,7,5H,30,0.632,0.7727342198,0.6477151154,590
P,HOK,HOK,HOK,2,5,7,6A,30,1.754,2.144581996,2.019562892,590
AB,HOK,HOK,HOK,2,5,7,6B,30,0.437,0.5343114779,0.4092923735,590
P,SEK,HOK,HOK,2,5,7,6C,30,0.428,0.5233073514,0.398288247,590
AB,SEK,HOK,HOK,2,5,7,6D,30,0.754,0.9219012685,0.7968821641,590
P,SEK,SEK,HOK,2,5,7,6E,30,1.396,1.706862296,1.581843191,590
AB,SEK,SEK,HOK,2,5,7,6F,30,1.04,1.271587957,1.146568852,590
P,HOK,SEK,HOK,2,5,7,6G,30,1.301,1.590707626,1.465688522,590
AB,HOK,SEK,HOK,2,5,7,6H,30,0.619,0.7568393703,0.6318202659,590
P,HOK,HOK,HOK,2,4,7,7A,30,0.326,0.3985939172,0.2735748128,590
AB,HOK,HOK,HOK,2,4,7,7B,30,0.285,0.3484640073,0.2234449029,590
P,SEK,HOK,HOK,2,4,7,7C,30,0.394,0.4817362066,0.3567171022,590
AB,SEK,HOK,HOK,2,4,7,7D,30,0.513,0.6272352132,0.5022161088,590
P,SEK,SEK,HOK,2,4,7,7E,30,0.348,0.4254928932,0.3004737888,590
AB,SEK,SEK,HOK,2,4,7,7F,30,0.393,0.4805135259,0.3554944215,590
P,HOK,SEK,HOK,2,4,7,7G,30,0.32,0.3912578328,0.2662387284,590
AB,HOK,SEK,HOK,2,4,7,7H,30,0.855,1.045392022,0.9203729176,590
P,HOK,HOK,HOK,2,3,7,8A,30,0.356,0.435274339,0.3102552346,590
AB,HOK,HOK,HOK,2,3,7,8B,30,0.828,1.012379642,0.887360538,590
P,SEK,HOK,HOK,2,3,7,8C,30,0.516,0.6309032554,0.505884151,590
AB,SEK,HOK,HOK,2,3,7,8D,30,0.729,0.8913342503,0.766315146,590
P,SEK,SEK,HOK,2,3,7,8E,30,0.399,0.4878496103,0.3628305059,590
AB,SEK,SEK,HOK,2,3,7,8F,30,0.704,0.8607672322,0.7357481278,590
P,HOK,SEK,HOK,2,3,7,8G,30,1.935,2.365887208,2.240868103,590
AB,HOK,SEK,HOK,2,3,7,8H,30,0.422,0.515971267,0.3909521626,590
P,HOK,HOK,HOK,2,2,7,9A,30,0.476,0.5819960263,0.4569769219,590
AB,HOK,HOK,HOK,2,2,7,9B,30,0.482,0.5893321107,0.4643130063,590
P,SEK,HOK,HOK,2,2,7,9C,30,1.343,1.642060217,1.517041113,590
AB,SEK,HOK,HOK,2,2,7,9D,30,0.48,0.5868867492,0.4618676448,590
P,SEK,SEK,HOK,2,2,7,9E,30,0.568,0.6944826532,0.5694635488,590
AB,SEK,SEK,HOK,2,2,7,9F,30,0.516,0.6309032554,0.505884151,590
P,HOK,SEK,HOK,2,2,7,9G,30,1.623,1.984410821,1.859391716,590
AB,HOK,SEK,HOK,2,2,7,9H,30,0.867,1.060064191,0.9350450864,590
P,HOK,HOK,HOK,2,1,7,10A,30,0.509,0.6223444903,0.4973253859,590
AB,HOK,HOK,HOK,2,1,7,10B,30,0.9,1.100412655,0.9753935504,590
P,SEK,HOK,HOK,2,1,7,10C,30,0.54,0.6602475928,0.5352284885,590
AB,SEK,HOK,HOK,2,1,7,10D,30,0.677,0.8277548525,0.7027357481,590
P,SEK,SEK,HOK,2,1,7,10E,30,0.468,0.5722145805,0.4471954761,590
AB,SEK,SEK,HOK,2,1,7,10F,30,0.511,0.6247898517,0.4997707474,590
P,HOK,SEK,HOK,2,1,7,10G,30,0.47,0.5746599419,0.4496408375,590
AB,HOK,SEK,HOK,2,1,7,10H,30,0.53,0.6480207856,0.5230016812,590
P,HOK,HOK,SEK,1,5,7,1A,30,0.426,0.5208619899,0.3958428855,590
AB,HOK,HOK,SEK,1,5,7,1B,30,1.383,1.690967446,1.565948342,590
P,SEK,HOK,SEK,1,5,7,1C,30,1.437,1.756992205,1.631973101,590
AB,SEK,HOK,SEK,1,5,7,1D,30,0.551,0.6736970808,0.5486779765,590
P,SEK,SEK,SEK,1,5,7,1E,30,0.35,0.4279382546,0.3029191502,590
AB,SEK,SEK,SEK,1,5,7,1F,30,0.312,0.381476387,0.2564572826,590
P,HOK,SEK,SEK,1,5,7,1G,30,0.375,0.4585052728,0.3334861684,590
AB,HOK,SEK,SEK,1,5,7,1H,30,0.349,0.4267155739,0.3016964695,590
P,HOK,HOK,SEK,1,4,7,2A,30,0.44,0.5379795201,0.4129604157,590
AB,HOK,HOK,SEK,1,4,7,2B,30,0.607,0.7421672016,0.6171480972,590
P,SEK,HOK,SEK,1,4,7,2C,30,0.505,0.6174537674,0.492434663,590
AB,SEK,HOK,SEK,1,4,7,2D,30,0.419,0.5123032248,0.3872841204,590
P,SEK,SEK,SEK,1,4,7,2E,30,1.457,1.78144582,1.656426716,590
AB,SEK,SEK,SEK,1,4,7,2F,30,0.55,0.6724744001,0.5474552957,590
P,HOK,SEK,SEK,1,4,7,2G,30,0.791,0.9671404554,0.8421213511,590
AB,HOK,SEK,SEK,1,4,7,2H,30,0.581,0.7103775027,0.5853583983,590
P,HOK,HOK,SEK,1,3,7,3A,30,0.629,0.7690661776,0.6440470732,590
AB,HOK,HOK,SEK,1,3,7,3B,30,0.162,0.1980742779,0.07305517347,590
P,SEK,HOK,SEK,1,3,7,3C,30,0.389,0.475622803,0.3506036986,590
AB,SEK,HOK,SEK,1,3,7,3D,30,0.624,0.762952774,0.6379336696,590
P,SEK,SEK,SEK,1,3,7,3E,30,0.403,0.4927403332,0.3677212288,590
AB,SEK,SEK,SEK,1,3,7,3F,30,0.496,0.6064496408,0.4814305365,590
P,HOK,SEK,SEK,1,3,7,3G,30,0.292,0.3570227724,0.232003668,590
AB,HOK,SEK,SEK,1,3,7,3H,30,0.405,0.4951856946,0.3701665902,590
P,HOK,HOK,SEK,1,2,7,4A,30,1.325,1.620051964,1.49503286,590
AB,HOK,HOK,SEK,1,2,7,4B,30,1.077,1.316827144,1.191808039,590
P,SEK,HOK,SEK,1,2,7,4C,30,0.353,0.4316062968,0.3065871924,590
AB,SEK,HOK,SEK,1,2,7,4D,30,0.351,0.4291609354,0.304141831,590
P,SEK,SEK,SEK,1,2,7,4E,30,0.361,0.4413877426,0.3163686382,590
AB,SEK,SEK,SEK,1,2,7,4F,30,0.705,0.8619899129,0.7369708085,590
P,HOK,SEK,SEK,1,2,7,4G,30,0.968,1.183554944,1.05853584,590
AB,HOK,SEK,SEK,1,2,7,4H,30,0.461,0.5636558154,0.438636711,590
P,HOK,HOK,SEK,1,1,7,5A,30,0.654,0.7996331958,0.6746140914,590
AB,HOK,HOK,SEK,1,1,7,5B,30,0.445,0.5440929237,0.4190738193,590
P,SEK,HOK,SEK,1,1,7,5C,30,1.212,1.481889042,1.356869937,590
AB,SEK,HOK,SEK,1,1,7,5D,30,1.027,1.255693107,1.130674003,590
P,SEK,SEK,SEK,1,1,7,5E,30,0.391,0.4780681645,0.3530490601,590
AB,SEK,SEK,SEK,1,1,7,5F,30,0.41,0.5012990983,0.3762799939,590
P,HOK,SEK,SEK,1,1,7,5G,30,0.486,0.5942228336,0.4692037292,590
AB,HOK,SEK,SEK,1,1,7,5H,30,0.42,0.5135259055,0.3885068012,590
P,HOK,HOK,HOK,1,5,7,6A,30,0.433,0.529420755,0.4044016506,590
AB,HOK,HOK,HOK,1,5,7,6B,30,0.98,1.198227113,1.073208009,590
P,SEK,HOK,HOK,1,5,7,6C,30,1.551,1.896377808,1.771358704,590
AB,SEK,HOK,HOK,1,5,7,6D,30,0.696,0.8509857863,0.725966682,590
P,SEK,SEK,HOK,1,5,7,6E,30,1.694,2.071221152,1.946202048,590
AB,SEK,SEK,HOK,1,5,7,6F,30,1.37,1.675072597,1.550053492,590
P,HOK,SEK,HOK,1,5,7,6G,30,0.937,1.145651842,1.020632737,590
AB,HOK,SEK,HOK,1,5,7,6H,30,0.816,0.9977074736,0.8726883692,590
P,HOK,HOK,HOK,1,4,7,7A,30,0.577,0.7054867798,0.5804676754,590
AB,HOK,HOK,HOK,1,4,7,7B,30,0.298,0.3643588568,0.2393397524,590
P,SEK,HOK,HOK,1,4,7,7C,30,0.262,0.3203423506,0.1953232462,590
AB,SEK,HOK,HOK,1,4,7,7D,30,0.298,0.3643588568,0.2393397524,590
P,SEK,SEK,HOK,1,4,7,7E,30,0.291,0.3558000917,0.2307809873,590
AB,SEK,SEK,HOK,1,4,7,7F,30,0.329,0.4022619593,0.277242855,590
P,HOK,SEK,HOK,1,4,7,7G,30,0.415,0.5074125019,0.3823933975,590
AB,HOK,SEK,HOK,1,4,7,7H,30,1.019,1.245911661,1.120892557,590
P,HOK,HOK,HOK,1,3,7,8A,30,0.428,0.5233073514,0.398288247,590
AB,HOK,HOK,HOK,1,3,7,8B,30,0.361,0.4413877426,0.3163686382,590
P,SEK,HOK,HOK,1,3,7,8C,30,0.327,0.3998165979,0.2747974935,590
AB,SEK,HOK,HOK,1,3,7,8D,30,1.508,1.843802537,1.718783433,590
P,SEK,SEK,HOK,1,3,7,8E,30,1.405,1.717866422,1.592847318,590
AB,SEK,SEK,HOK,1,3,7,8F,30,0.487,0.5954455143,0.4704264099,590
P,HOK,SEK,HOK,1,3,7,8G,30,0.386,0.4719547608,0.3469356564,590
AB,HOK,SEK,HOK,1,3,7,8H,30,0.461,0.5636558154,0.438636711,590
P,HOK,HOK,HOK,1,2,7,9A,30,0.36,0.4401650619,0.3151459575,590
AB,HOK,HOK,HOK,1,2,7,9B,30,0.461,0.5636558154,0.438636711,590
P,SEK,HOK,HOK,1,2,7,9C,30,0.877,1.072290998,0.9472718936,590
AB,SEK,HOK,HOK,1,2,7,9D,30,0.599,0.7323857558,0.6073666514,590
P,SEK,SEK,HOK,1,2,7,9E,30,0.505,0.6174537674,0.492434663,590
AB,SEK,SEK,HOK,1,2,7,9FR,30,1.047,1.280146722,1.155127617,590
P,HOK,SEK,HOK,1,2,7,9G,30,1.633,1.996637628,1.871618524,590
AB,HOK,SEK,HOK,1,2,7,9H,30,0.391,0.4780681645,0.3530490601,590
P,HOK,HOK,HOK,1,1,7,10A,30,0.798,0.9756992205,0.8506801162,590
AB,HOK,HOK,HOK,1,1,7,10B,30,0.645,0.7886290692,0.6636099648,590
P,SEK,HOK,HOK,1,1,7,10C,30,1.361,1.66406847,1.539049366,590
AB,SEK,HOK,HOK,1,1,7,10D,30,0.399,0.4878496103,0.3628305059,590
P,SEK,SEK,HOK,1,1,7,10E,30,0.464,0.5673238576,0.4423047532,590
AB,SEK,SEK,HOK,1,1,7,10F,30,1.041,1.272810637,1.147791533,590
P,HOK,SEK,HOK,1,1,7,10G,30,0.46,0.5624331346,0.4374140303,590
AB,HOK,SEK,HOK,1,1,7,10H,30,0.423,0.5171939477,0.3921748433,590
P,HOK,HOK,SEK,2,5,7,1A,120,0.666,0.8175540893,0.7116771521,590
AB,HOK,HOK,SEK,2,5,7,1B,120,1.085,1.331901182,1.226024244,590
P,SEK,HOK,SEK,2,5,7,1C,120,1.628,1.998465552,1.892588614,590
AB,SEK,HOK,SEK,2,5,7,1D,120,1.303,1.599508977,1.493632039,590
P,SEK,SEK,SEK,2,5,7,1E,120,0.591,0.7254871874,0.6196102501,590
AB,SEK,SEK,SEK,2,5,7,1F,120,0.471,0.5781801442,0.472303207,590
P,HOK,SEK,SEK,2,5,7,1G,120,1.453,1.78364278,1.677765843,590
AB,HOK,SEK,SEK,2,5,7,1H,120,1.041,1.277888599,1.172011662,590
P,HOK,HOK,SEK,2,4,7,2A,120,0.408,0.5008439466,0.3949670094,590
AB,HOK,HOK,SEK,2,4,7,2B,120,0.757,0.9292619303,0.8233849931,590
P,SEK,HOK,SEK,2,4,7,2C,120,0.292,0.3584471383,0.252570201,590
AB,SEK,HOK,SEK,2,4,7,2D,120,0.791,0.9709989259,0.8651219886,590
P,SEK,SEK,SEK,2,4,7,2E,120,0.455,0.5585392052,0.4526622679,590
AB,SEK,SEK,SEK,2,4,7,2F,120,0.45,0.5524014117,0.4465244745,590
P,HOK,SEK,SEK,2,4,7,2G,120,0.342,0.4198250729,0.3139481356,590
AB,HOK,SEK,SEK,2,4,7,2H,120,2.019,2.478441,2.372564063,590
P,HOK,HOK,SEK,2,3,7,3A,120,1.135,1.393279116,1.287402179,590
AB,HOK,HOK,SEK,2,3,7,3B,120,1.387,1.702623907,1.596746969,590
P,SEK,HOK,SEK,2,3,7,3C,120,1.235,1.516034985,1.410158048,590
AB,SEK,HOK,SEK,2,3,7,3D,120,0.332,0.407549486,0.3016725487,590
P,SEK,SEK,SEK,2,3,7,3E,120,1.395,1.712444376,1.606567439,590
AB,SEK,SEK,SEK,2,3,7,3F,120,0.319,0.391591223,0.2857142857,590
P,HOK,SEK,SEK,2,3,7,3G,120,0.326,0.4001841338,0.2943071966,590
AB,HOK,SEK,SEK,2,3,7,3H,120,0.35,0.4296455424,0.3237686052,590
P,HOK,HOK,SEK,2,2,7,4A,120,0.399,0.4897959184,0.3839189811,590
AB,HOK,HOK,SEK,2,2,7,4B,120,1.166,1.431333436,1.325456498,590
P,SEK,HOK,SEK,2,2,7,4C,120,1.794,2.202240295,2.096363357,590
AB,SEK,HOK,SEK,2,2,7,4D,120,1.775,2.178916679,2.073039742,590
P,SEK,SEK,SEK,2,2,7,4E,120,1.265,1.552861746,1.446984809,590
AB,SEK,SEK,SEK,2,2,7,4F,120,0.464,0.5695872334,0.4637102961,590
P,HOK,SEK,SEK,2,2,7,4G,120,0.357,0.4382384533,0.332361516,590
AB,HOK,SEK,SEK,2,2,7,4H,120,1.075,1.319625595,1.213748657,590
P,HOK,HOK,SEK,2,1,7,5A,120,0.882,1.082706767,0.9768298297,590
AB,HOK,HOK,SEK,2,1,7,5B,120,0.464,0.5695872334,0.4637102961,590
P,SEK,HOK,SEK,2,1,7,5C,120,0.643,0.7893202394,0.6834433021,590
AB,SEK,HOK,SEK,2,1,7,5D,120,0.821,1.007825687,0.9019487494,590
P,SEK,SEK,SEK,2,1,7,5E,120,0.625,0.7672241829,0.6613472457,590
AB,SEK,SEK,SEK,2,1,7,5F,120,0.485,0.5953659659,0.4894890287,590
P,HOK,SEK,SEK,2,1,7,5G,120,0.437,0.5364431487,0.4305662114,590
AB,HOK,SEK,SEK,2,1,7,5H,120,0.619,0.7598588308,0.6539818935,590
P,HOK,HOK,HOK,2,5,7,6A,120,1.141,1.400644468,1.294767531,590
AB,HOK,HOK,HOK,2,5,7,6B,120,0.459,0.5634494399,0.4575725027,590
P,SEK,HOK,HOK,2,5,7,6C,120,0.472,0.5794077029,0.4735307657,590
AB,SEK,HOK,HOK,2,5,7,6D,120,0.858,1.053245358,0.9473684211,590
P,SEK,SEK,HOK,2,5,7,6E,120,0.555,0.6812950744,0.5754181372,590
AB,SEK,SEK,HOK,2,5,7,6F,120,0.924,1.134264232,1.028387295,590
P,HOK,SEK,HOK,2,5,7,6G,120,1.247,1.53076569,1.424888752,590
AB,HOK,SEK,HOK,2,5,7,6H,120,0.544,0.6677919288,0.5619149916,590
P,HOK,HOK,HOK,2,4,7,7A,120,0.284,0.3486266687,0.2427497315,590
AB,HOK,HOK,HOK,2,4,7,7B,120,0.235,0.2884762928,0.1825993555,590
P,SEK,HOK,HOK,2,4,7,7C,120,0.257,0.315482584,0.2096056468,590
AB,SEK,HOK,HOK,2,4,7,7D,120,0.517,0.6346478441,0.5287709069,590
P,SEK,SEK,HOK,2,4,7,7E,120,0.269,0.3302132883,0.2243363511,590
AB,SEK,SEK,HOK,2,4,7,7F,120,0.365,0.4480589228,0.3421819856,590
P,HOK,SEK,HOK,2,4,7,7G,120,0.245,0.3007518797,0.1948749425,590
AB,HOK,SEK,HOK,2,4,7,7H,120,0.548,0.6727021636,0.5668252263,590
P,HOK,HOK,HOK,2,3,7,8A,120,0.333,0.4087770447,0.3029001074,590
AB,HOK,HOK,HOK,2,3,7,8B,120,0.689,0.8457879392,0.739911002,590
P,SEK,HOK,HOK,2,3,7,8C,120,0.335,0.411232162,0.3053552248,590
AB,SEK,HOK,HOK,2,3,7,8D,120,0.757,0.9292619303,0.8233849931,590
P,SEK,SEK,HOK,2,3,7,8E,120,0.32,0.3928187816,0.2869418444,590
AB,SEK,SEK,HOK,2,3,7,8F,120,0.622,0.7635415068,0.6576645696,590
P,HOK,SEK,HOK,2,3,7,8G,120,1.949,2.392511892,2.286634955,590
AB,HOK,SEK,HOK,2,3,7,8H,120,0.439,0.5388982661,0.4330213288,590
P,HOK,HOK,HOK,2,2,7,9A,120,0.428,0.5253951205,0.4195181832,590
AB,HOK,HOK,HOK,2,2,7,9B,120,0.405,0.4971612705,0.3912843333,590
P,SEK,HOK,HOK,2,2,7,9C,120,1.026,1.259475219,1.153598281,590
AB,SEK,HOK,HOK,2,2,7,9D,120,0.385,0.4726100967,0.3667331594,590
P,SEK,SEK,HOK,2,2,7,9E,120,0.479,0.5880006138,0.4821236765,590
AB,SEK,SEK,HOK,2,2,7,9F,120,0.443,0.5438085008,0.4379315636,590
P,HOK,SEK,HOK,2,2,7,9G,120,0.502,0.6162344637,0.5103575265,590
AB,HOK,SEK,HOK,2,2,7,9H,120,0.747,0.9169863434,0.8111094062,590
P,HOK,HOK,HOK,2,1,7,10A,120,0.467,0.5732699095,0.4673929722,590
AB,HOK,HOK,HOK,2,1,7,10B,120,0.977,1.199324843,1.093447905,590
P,SEK,HOK,HOK,2,1,7,10C,120,0.477,0.5855454964,0.4796685592,590
AB,SEK,HOK,HOK,2,1,7,10D,120,0.629,0.7721344177,0.6662574804,590
P,SEK,SEK,HOK,2,1,7,10E,120,0.428,0.5253951205,0.4195181832,590
AB,SEK,SEK,HOK,2,1,7,10F,120,0.585,0.7181218352,0.612244898,590
P,HOK,SEK,HOK,2,1,7,10G,120,0.423,0.519257327,0.4133803897,590
AB,HOK,SEK,HOK,2,1,7,10H,120,0.431,0.5290777965,0.4232008593,590
P,HOK,HOK,SEK,1,5,7,1A,120,0.56,0.6874328679,0.5815559306,590
AB,HOK,HOK,SEK,1,5,7,1B,120,1.294,1.588460948,1.482584011,590
P,SEK,HOK,SEK,1,5,7,1C,120,0.807,0.990639865,0.8847629277,590
AB,SEK,HOK,SEK,1,5,7,1D,120,0.399,0.4897959184,0.3839189811,590
P,SEK,SEK,SEK,1,5,7,1E,120,0.343,0.4210526316,0.3151756943,590
AB,SEK,SEK,SEK,1,5,7,1F,120,0.355,0.4357833359,0.3299063986,590
P,HOK,SEK,SEK,1,5,7,1G,120,0.408,0.5008439466,0.3949670094,590
AB,HOK,SEK,SEK,1,5,7,1H,120,0.362,0.4443762467,0.3384993095,590
P,HOK,HOK,SEK,1,4,7,2A,120,0.437,0.5364431487,0.4305662114,590
AB,HOK,HOK,SEK,1,4,7,2B,120,0.893,1.096209913,0.9903329753,590
P,SEK,HOK,SEK,1,4,7,2C,120,0.505,0.6199171398,0.5140402025,590
AB,SEK,HOK,SEK,1,4,7,2D,120,0.413,0.5069817401,0.4011048028,590
P,SEK,SEK,SEK,1,4,7,2E,120,0.728,0.8936627282,0.787785791,590
AB,SEK,SEK,SEK,1,4,7,2F,120,0.631,0.7745895351,0.6687125978,590
P,HOK,SEK,SEK,1,4,7,2G,120,0.954,1.171090993,1.065214056,590
AB,HOK,SEK,SEK,1,4,7,2H,120,0.621,0.7623139481,0.6564370109,590
P,HOK,HOK,SEK,1,3,7,3A,120,0.666,0.8175540893,0.7116771521,590
AB,HOK,HOK,SEK,1,3,7,3B,120,0.166,0.203774743,0.09789780574,590
P,SEK,HOK,SEK,1,3,7,3C,120,1.291,1.584778272,1.478901335,590
AB,SEK,HOK,SEK,1,3,7,3D,120,0.393,0.4824305662,0.376553629,590
P,SEK,SEK,SEK,1,3,7,3E,120,0.485,0.5953659659,0.4894890287,590
AB,SEK,SEK,SEK,1,3,7,3F,120,0.458,0.5622218812,0.456344944,590
P,HOK,SEK,SEK,1,3,7,3G,120,0.291,0.3572195796,0.2513426423,590
AB,HOK,SEK,SEK,1,3,7,3H,120,0.356,0.4370108946,0.3311339573,590
P,HOK,HOK,SEK,1,2,7,4A,120,1.104,1.355224797,1.249347859,590
AB,HOK,HOK,SEK,1,2,7,4B,120,1.214,1.490256253,1.384379316,590
P,SEK,HOK,SEK,1,2,7,4C,120,0.362,0.4443762467,0.3384993095,590
AB,SEK,HOK,SEK,1,2,7,4D,120,0.356,0.4370108946,0.3311339573,590
P,SEK,SEK,SEK,1,2,7,4E,120,0.344,0.4222801903,0.316403253,590
AB,SEK,SEK,SEK,1,2,7,4F,120,0.553,0.678839957,0.5729630198,590
P,HOK,SEK,SEK,1,2,7,4G,120,0.652,0.8003682676,0.6944913304,590
AB,HOK,SEK,SEK,1,2,7,4H,120,0.502,0.6162344637,0.5103575265,590
P,HOK,HOK,SEK,1,1,7,5A,120,0.936,1.148994936,1.043117999,590
AB,HOK,HOK,SEK,1,1,7,5B,120,0.412,0.5057541814,0.3998772441,590
P,SEK,HOK,SEK,1,1,7,5C,120,1.146,1.406782262,1.300905325,590
AB,SEK,HOK,SEK,1,1,7,5D,120,1.575,1.933404941,1.827528004,590
P,SEK,SEK,SEK,1,1,7,5E,120,0.41,0.503299064,0.3974221267,590
AB,SEK,SEK,SEK,1,1,7,5F,120,0.48,0.5892281725,0.4833512352,590
P,HOK,SEK,SEK,1,1,7,5G,120,0.486,0.5965935246,0.4907165874,590
AB,HOK,SEK,SEK,1,1,7,5H,120,0.422,0.5180297683,0.4121528311,590
P,HOK,HOK,HOK,1,5,7,6A,120,0.458,0.5622218812,0.456344944,590
AB,HOK,HOK,HOK,1,5,7,6B,120,1.109,1.36136259,1.255485653,590
P,SEK,HOK,HOK,1,5,7,6C,120,1.627,1.997237993,1.891361056,590
AB,SEK,HOK,HOK,1,5,7,6D,120,0.894,1.097437471,0.991560534,590
P,SEK,SEK,HOK,1,5,7,6E,120,1.781,2.186282032,2.080405094,590
AB,SEK,SEK,HOK,1,5,7,6F,120,1.489,1.827834893,1.721957956,590
P,HOK,SEK,HOK,1,5,7,6G,120,1.607,1.972686819,1.866809882,590
AB,HOK,SEK,HOK,1,5,7,6H,120,0.861,1.056928034,0.9510510971,590
P,HOK,HOK,HOK,1,4,7,7A,120,0.907,1.113395734,1.007518797,590
AB,HOK,HOK,HOK,1,4,7,7B,120,0.289,0.3547644622,0.2488875249,590
P,SEK,HOK,HOK,1,4,7,7C,120,0.225,0.2762007058,0.1703237686,590
AB,SEK,HOK,HOK,1,4,7,7D,120,0.252,0.3093447905,0.2034678533,590
P,SEK,SEK,HOK,1,4,7,7E,120,0.25,0.3068896732,0.2010127359,590
AB,SEK,SEK,HOK,1,4,7,7F,120,0.33,0.4050943686,0.2992174313,590
P,HOK,SEK,HOK,1,4,7,7G,120,0.433,0.5315329139,0.4256559767,590
AB,HOK,SEK,HOK,1,4,7,7H,120,1.521,1.867116772,1.761239834,590
P,HOK,HOK,HOK,1,3,7,8A,120,0.435,0.5339880313,0.4281110941,590
AB,HOK,HOK,HOK,1,3,7,8B,120,0.459,0.5634494399,0.4575725027,590
P,SEK,HOK,HOK,1,3,7,8C,120,0.309,0.379315636,0.2734386988,590
AB,SEK,HOK,HOK,1,3,7,8D,120,0.937,1.150222495,1.044345558,590
P,SEK,SEK,HOK,1,3,7,8E,120,1.525,1.872027006,1.766150069,590
AB,SEK,SEK,HOK,1,3,7,8F,120,0.544,0.6677919288,0.5619149916,590
P,HOK,SEK,HOK,1,3,7,8G,120,0.406,0.4983888292,0.392511892,590
AB,HOK,SEK,HOK,1,3,7,8H,120,0.472,0.5794077029,0.4735307657,590
P,HOK,HOK,HOK,1,2,7,9A,120,0.326,0.4001841338,0.2943071966,590
AB,HOK,HOK,HOK,1,2,7,9B,120,0.491,0.6027313181,0.4968543809,590
P,SEK,HOK,HOK,1,2,7,9C,120,1.136,1.394506675,1.288629738,590
AB,SEK,HOK,HOK,1,2,7,9D,120,0.316,0.3879085469,0.2820316096,590
P,SEK,SEK,HOK,1,2,7,9E,120,0.558,0.6849777505,0.5791008133,590
AB,SEK,SEK,HOK,1,2,7,9FR,120,0.997,1.223876017,1.117999079,590
P,HOK,SEK,HOK,1,2,7,9G,120,1.386,1.701396348,1.595519411,590
AB,HOK,SEK,HOK,1,2,7,9H,120,0.491,0.6027313181,0.4968543809,590
P,HOK,HOK,HOK,1,1,7,10A,120,0.853,1.047107565,0.9412306276,590
AB,HOK,HOK,HOK,1,1,7,10B,120,0.703,0.8629737609,0.7570968237,590
P,SEK,HOK,HOK,1,1,7,10C,120,1.093,1.341721651,1.235844714,590
AB,SEK,HOK,HOK,1,1,7,10D,120,0.419,0.5143470922,0.408470155,590
P,SEK,SEK,HOK,1,1,7,10E,120,0.608,0.7463556851,0.6404787479,590
AB,SEK,SEK,HOK,1,1,7,10F,120,0.686,0.8421052632,0.7362283259,590
P,HOK,SEK,HOK,1,1,7,10G,120,0.466,0.5720423508,0.4661654135,590
AB,HOK,SEK,HOK,1,1,7,10H,120,0.428,0.5253951205,0.4195181832,590
P,HOK,HOK,SEK,2,5,7,1A,960,0.692,0.9090311987,0.7909688013,590
AB,HOK,HOK,SEK,2,5,7,1B,960,1.745,2.29228243,2.174220033,590
P,SEK,HOK,SEK,2,5,7,1C,960,1.408,1.849589491,1.731527094,590
AB,SEK,HOK,SEK,2,5,7,1D,960,1.159,1.522495895,1.404433498,590
P,SEK,SEK,SEK,2,5,7,1E,960,0.687,0.9024630542,0.7844006568,590
AB,SEK,SEK,SEK,2,5,7,1F,960,0.523,0.6870279146,0.5689655172,590
P,HOK,SEK,SEK,2,5,7,1G,960,1.453,1.908702791,1.790640394,590
AB,HOK,SEK,SEK,2,5,7,1H,960,0.641,0.8420361248,0.7239737274,590
P,HOK,HOK,SEK,2,4,7,2A,960,0.418,0.5490968801,0.4310344828,590
AB,HOK,HOK,SEK,2,4,7,2B,960,0.937,1.230870279,1.112807882,590
P,SEK,HOK,SEK,2,4,7,2C,960,0.286,0.3756978654,0.257635468,590
AB,SEK,HOK,SEK,2,4,7,2D,960,0.722,0.9484400657,0.8303776683,590
P,SEK,SEK,SEK,2,4,7,2E,960,0.461,0.6055829228,0.4875205255,590
AB,SEK,SEK,SEK,2,4,7,2F,960,0.58,0.7619047619,0.6438423645,590
P,HOK,SEK,SEK,2,4,7,2G,960,0.347,0.4558292282,0.3377668309,590
AB,HOK,SEK,SEK,2,4,7,2H,960,1.841,2.418390805,2.300328407,590
P,HOK,HOK,SEK,2,3,7,3A,960,1.234,1.621018062,1.502955665,590
AB,HOK,HOK,SEK,2,3,7,3B,960,1.649,2.166174056,2.048111658,590
P,SEK,HOK,SEK,2,3,7,3C,960,1.204,1.581609195,1.463546798,590
AB,SEK,HOK,SEK,2,3,7,3D,960,0.339,0.445320197,0.3272577997,590
P,SEK,SEK,SEK,2,3,7,3E,960,1.972,2.59047619,2.472413793,590
AB,SEK,SEK,SEK,2,3,7,3F,960,0.329,0.432183908,0.3141215107,590
P,HOK,SEK,SEK,2,3,7,3G,960,0.34,0.4466338259,0.3285714286,590
AB,HOK,SEK,SEK,2,3,7,3H,960,0.418,0.5490968801,0.4310344828,590
P,HOK,HOK,SEK,2,2,7,4A,960,0.464,0.6095238095,0.4914614122,590
AB,HOK,HOK,SEK,2,2,7,4B,960,1.418,1.86272578,1.744663383,590
P,SEK,HOK,SEK,2,2,7,4C,960,1.375,1.806239737,1.68817734,590
AB,SEK,HOK,SEK,2,2,7,4D,960,1.491,1.95862069,1.840558292,590
P,SEK,SEK,SEK,2,2,7,4E,960,0.876,1.150738916,1.032676519,590
AB,SEK,SEK,SEK,2,2,7,4F,960,0.423,0.5556650246,0.4376026273,590
P,HOK,SEK,SEK,2,2,7,4G,960,0.471,0.6187192118,0.5006568144,590
AB,HOK,SEK,SEK,2,2,7,4H,960,0.939,1.233497537,1.11543514,590
P,HOK,HOK,SEK,2,1,7,5A,960,1.412,1.854844007,1.736781609,590
AB,HOK,HOK,SEK,2,1,7,5B,960,0.595,0.7816091954,0.663546798,590
P,SEK,HOK,SEK,2,1,7,5C,960,0.679,0.891954023,0.7738916256,590
AB,SEK,HOK,SEK,2,1,7,5D,960,1.109,1.45681445,1.338752053,590
P,SEK,SEK,SEK,2,1,7,5E,960,0.746,0.9799671593,0.8619047619,590
AB,SEK,SEK,SEK,2,1,7,5F,960,0.592,0.7776683087,0.6596059113,590
P,HOK,SEK,SEK,2,1,7,5G,960,0.575,0.7553366174,0.63727422,590
AB,HOK,SEK,SEK,2,1,7,5H,960,0.704,0.9247947455,0.8067323481,590
P,HOK,HOK,HOK,2,5,7,6A,960,1.452,1.907389163,1.789326765,590
AB,HOK,HOK,HOK,2,5,7,6B,960,0.442,0.5806239737,0.4625615764,590
P,SEK,HOK,HOK,2,5,7,6C,960,0.523,0.6870279146,0.5689655172,590
AB,SEK,HOK,HOK,2,5,7,6D,960,0.81,1.064039409,0.9459770115,590
P,SEK,SEK,HOK,2,5,7,6E,960,0.7,0.9195402299,0.8014778325,590
AB,SEK,SEK,HOK,2,5,7,6F,960,1.188,1.560591133,1.442528736,590
P,HOK,SEK,HOK,2,5,7,6G,960,1.424,1.870607553,1.752545156,590
AB,HOK,SEK,HOK,2,5,7,6H,960,0.657,0.8630541872,0.7449917898,590
P,HOK,HOK,HOK,2,4,7,7A,960,0.324,0.4256157635,0.3075533662,590
AB,HOK,HOK,HOK,2,4,7,7B,960,0.25,0.328407225,0.2103448276,590
P,SEK,HOK,HOK,2,4,7,7C,960,0.261,0.3428571429,0.2247947455,590
AB,SEK,HOK,HOK,2,4,7,7D,960,0.498,0.6541871921,0.5361247947,590
P,SEK,SEK,HOK,2,4,7,7E,960,0.29,0.380952381,0.2628899836,590
AB,SEK,SEK,HOK,2,4,7,7F,960,0.339,0.445320197,0.3272577997,590
P,HOK,SEK,HOK,2,4,7,7G,960,0.256,0.3362889984,0.218226601,590
AB,HOK,SEK,HOK,2,4,7,7H,960,0.633,0.8315270936,0.7134646962,590
P,HOK,HOK,HOK,2,3,7,8A,960,0.376,0.4939244663,0.375862069,590
AB,HOK,HOK,HOK,2,3,7,8B,960,1.239,1.627586207,1.50952381,590
P,SEK,HOK,HOK,2,3,7,8C,960,0.393,0.5162561576,0.3981937603,590
AB,SEK,HOK,HOK,2,3,7,8D,960,0.438,0.5753694581,0.4573070608,590
P,SEK,SEK,HOK,2,3,7,8E,960,0.369,0.484729064,0.3666666667,590
AB,SEK,SEK,HOK,2,3,7,8F,960,0.613,0.8052545156,0.6871921182,590
P,HOK,SEK,HOK,2,3,7,8G,960,1.811,2.378981938,2.26091954,590
AB,HOK,SEK,HOK,2,3,7,8H,960,0.505,0.6633825944,0.545320197,590
P,HOK,HOK,HOK,2,2,7,9A,960,0.564,0.7408866995,0.6228243021,590
AB,HOK,HOK,HOK,2,2,7,9B,960,0.515,0.6765188834,0.558456486,590
P,SEK,HOK,HOK,2,2,7,9C,960,1.093,1.435796388,1.31773399,590
AB,SEK,HOK,HOK,2,2,7,9D,960,0.497,0.6528735632,0.5348111658,590
P,SEK,SEK,HOK,2,2,7,9E,960,0.715,0.9392446634,0.821182266,590
AB,SEK,SEK,HOK,2,2,7,9F,960,0.568,0.7461412151,0.6280788177,590
P,HOK,SEK,HOK,2,2,7,9G,960,0.597,0.7842364532,0.6661740558,590
AB,HOK,SEK,HOK,2,2,7,9H,960,0.972,1.276847291,1.158784893,590
P,HOK,HOK,HOK,2,1,7,10A,960,0.543,0.7133004926,0.5952380952,590
AB,HOK,HOK,HOK,2,1,7,10B,960,1.033,1.356978654,1.238916256,590
P,SEK,HOK,HOK,2,1,7,10C,960,0.516,0.6778325123,0.5597701149,590
AB,SEK,HOK,HOK,2,1,7,10D,960,0.663,0.8709359606,0.7528735632,590
P,SEK,SEK,HOK,2,1,7,10E,960,0.445,0.5845648604,0.4665024631,590
AB,SEK,SEK,HOK,2,1,7,10F,960,0.593,0.7789819376,0.6609195402,590
P,HOK,SEK,HOK,2,1,7,10G,960,0.432,0.5674876847,0.4494252874,590
AB,HOK,SEK,HOK,2,1,7,10H,960,0.616,0.8091954023,0.6911330049,590
P,HOK,HOK,SEK,1,5,7,1A,960,0.86,1.129720854,1.011658456,590
AB,HOK,HOK,SEK,1,5,7,1B,960,1.453,1.908702791,1.790640394,590
P,SEK,HOK,SEK,1,5,7,1C,960,0.644,0.8459770115,0.7279146141,590
AB,SEK,HOK,SEK,1,5,7,1D,960,0.412,0.5412151067,0.4231527094,590
P,SEK,SEK,SEK,1,5,7,1E,960,0.382,0.5018062397,0.3837438424,590
AB,SEK,SEK,SEK,1,5,7,1F,960,0.4,0.5254515599,0.4073891626,590
P,HOK,SEK,SEK,1,5,7,1G,960,0.515,0.6765188834,0.558456486,590
AB,HOK,SEK,SEK,1,5,7,1H,960,0.404,0.5307060755,0.4126436782,590
P,HOK,HOK,SEK,1,4,7,2A,960,0.474,0.6226600985,0.5045977011,590
AB,HOK,HOK,SEK,1,4,7,2B,960,0.84,1.103448276,0.9853858785,590
P,SEK,HOK,SEK,1,4,7,2C,960,0.613,0.8052545156,0.6871921182,590
AB,SEK,HOK,SEK,1,4,7,2D,960,0.437,0.5740558292,0.4559934319,590
P,SEK,SEK,SEK,1,4,7,2E,960,1.355,1.779967159,1.661904762,590
AB,SEK,SEK,SEK,1,4,7,2F,960,0.743,0.9760262726,0.8579638752,590
P,HOK,SEK,SEK,1,4,7,2G,960,1.29,1.694581281,1.576518883,590
AB,HOK,SEK,SEK,1,4,7,2H,960,0.669,0.878817734,0.7607553366,590
P,HOK,HOK,SEK,1,3,7,3A,960,0.865,1.136288998,1.018226601,590
AB,HOK,HOK,SEK,1,3,7,3B,960,0.192,0.2522167488,0.1341543514,590
P,SEK,HOK,SEK,1,3,7,3C,960,1.245,1.63546798,1.517405583,590
AB,SEK,HOK,SEK,1,3,7,3D,960,0.427,0.5609195402,0.4428571429,590
P,SEK,SEK,SEK,1,3,7,3E,960,0.477,0.6266009852,0.5085385878,590
AB,SEK,SEK,SEK,1,3,7,3F,960,0.483,0.6344827586,0.5164203612,590
P,HOK,SEK,SEK,1,3,7,3G,960,0.391,0.5136288998,0.3955665025,590
AB,HOK,SEK,SEK,1,3,7,3H,960,0.312,0.4098522167,0.2917898194,590
P,HOK,HOK,SEK,1,2,7,4A,960,1.053,1.383251232,1.265188834,590
AB,HOK,HOK,SEK,1,2,7,4B,960,1.004,1.318883415,1.200821018,590
P,SEK,HOK,SEK,1,2,7,4C,960,0.419,0.550410509,0.4323481117,590
AB,SEK,HOK,SEK,1,2,7,4D,960,0.387,0.5083743842,0.3903119869,590
P,SEK,SEK,SEK,1,2,7,4E,960,0.367,0.4821018062,0.3640394089,590
AB,SEK,SEK,SEK,1,2,7,4F,960,0.575,0.7553366174,0.63727422,590
P,HOK,SEK,SEK,1,2,7,4G,960,0.766,1.006239737,0.8881773399,590
AB,HOK,SEK,SEK,1,2,7,4H,960,0.518,0.6804597701,0.5623973727,590
P,HOK,HOK,SEK,1,1,7,5A,960,1.266,1.663054187,1.54499179,590
AB,HOK,HOK,SEK,1,1,7,5B,960,0.433,0.5688013136,0.4507389163,590
P,SEK,HOK,SEK,1,1,7,5C,960,1.037,1.362233169,1.244170772,590
AB,SEK,HOK,SEK,1,1,7,5D,960,1.381,1.814121511,1.696059113,590
P,SEK,SEK,SEK,1,1,7,5E,960,0.461,0.6055829228,0.4875205255,590
AB,SEK,SEK,SEK,1,1,7,5F,960,0.533,0.7001642036,0.5821018062,590
P,HOK,SEK,SEK,1,1,7,5G,960,0.535,0.7027914614,0.584729064,590
AB,HOK,SEK,SEK,1,1,7,5H,960,0.417,0.5477832512,0.4297208539,590
P,HOK,HOK,HOK,1,5,7,6A,960,0.542,0.7119868637,0.5939244663,590
AB,HOK,HOK,HOK,1,5,7,6B,960,1.437,1.887684729,1.769622332,590
P,SEK,HOK,HOK,1,5,7,6C,960,1.358,1.783908046,1.665845649,590
AB,SEK,HOK,HOK,1,5,7,6D,960,0.913,1.199343186,1.081280788,590
P,SEK,SEK,HOK,1,5,7,6E,960,1.375,1.806239737,1.68817734,590
AB,SEK,SEK,HOK,1,5,7,6F,960,1.23,1.615763547,1.497701149,590
P,HOK,SEK,HOK,1,5,7,6G,960,1.604,2.107060755,1.988998358,590
AB,HOK,SEK,HOK,1,5,7,6H,960,0.748,0.9825944171,0.8645320197,590
P,HOK,HOK,HOK,1,4,7,7A,960,1.342,1.762889984,1.644827586,590
AB,HOK,HOK,HOK,1,4,7,7B,960,0.322,0.4229885057,0.3049261084,590
P,SEK,HOK,HOK,1,4,7,7C,960,0.217,0.2850574713,0.1669950739,590
AB,SEK,HOK,HOK,1,4,7,7D,960,0.256,0.3362889984,0.218226601,590
P,SEK,SEK,HOK,1,4,7,7E,960,0.267,0.3507389163,0.2326765189,590
AB,SEK,SEK,HOK,1,4,7,7F,960,0.337,0.4426929392,0.3246305419,590
P,HOK,SEK,HOK,1,4,7,7G,960,0.478,0.6279146141,0.5098522167,590
AB,HOK,SEK,HOK,1,4,7,7H,960,1.522,1.999343186,1.881280788,590
P,HOK,HOK,HOK,1,3,7,8A,960,0.519,0.681773399,0.5637110016,590
AB,HOK,HOK,HOK,1,3,7,8B,960,0.523,0.6870279146,0.5689655172,590
P,SEK,HOK,HOK,1,3,7,8C,960,0.301,0.3954022989,0.2773399015,590
AB,SEK,HOK,HOK,1,3,7,8D,960,0.787,1.033825944,0.9157635468,590
P,SEK,SEK,HOK,1,3,7,8E,960,1.135,1.490968801,1.372906404,590
AB,SEK,SEK,HOK,1,3,7,8F,960,0.594,0.7802955665,0.6622331691,590
P,HOK,SEK,HOK,1,3,7,8G,960,0.47,0.6174055829,0.4993431856,590
AB,HOK,SEK,HOK,1,3,7,8H,960,0.559,0.734318555,0.6162561576,590
P,HOK,HOK,HOK,1,2,7,9A,960,0.384,0.5044334975,0.3863711002,590
AB,HOK,HOK,HOK,1,2,7,9B,960,0.529,0.694909688,0.5768472906,590
P,SEK,HOK,HOK,1,2,7,9C,960,1.516,1.991461412,1.873399015,590
AB,SEK,HOK,HOK,1,2,7,9D,960,0.368,0.4834154351,0.3653530378,590
P,SEK,SEK,HOK,1,2,7,9E,960,0.597,0.7842364532,0.6661740558,590
AB,SEK,SEK,HOK,1,2,7,9FR,960,0.642,0.8433497537,0.7252873563,590
P,HOK,SEK,HOK,1,2,7,9G,960,1.894,2.488013136,2.369950739,590
AB,HOK,SEK,HOK,1,2,7,9H,960,0.54,0.7093596059,0.5912972085,590
P,HOK,HOK,HOK,1,1,7,10A,960,0.785,1.031198686,0.913136289,590
AB,HOK,HOK,HOK,1,1,7,10B,960,0.879,1.154679803,1.036617406,590
P,SEK,HOK,HOK,1,1,7,10C,960,1.344,1.765517241,1.647454844,590
AB,SEK,HOK,HOK,1,1,7,10D,960,0.511,0.6712643678,0.5532019704,590
P,SEK,SEK,HOK,1,1,7,10E,960,0.601,0.7894909688,0.6714285714,590
AB,SEK,SEK,HOK,1,1,7,10F,960,0.782,1.0272578,0.9091954023,590
P,HOK,SEK,HOK,1,1,7,10G,960,0.557,0.7316912972,0.6136288998,590
AB,HOK,SEK,HOK,1,1,7,10H,960,0.5,0.6568144499,0.5387520525,590
P,HOK,HOK,SEK,2,5,7,1A,1440,0.693,0.8806989674,0.7615567911,590
AB,HOK,HOK,SEK,2,5,7,1B,1440,1.888,2.399364575,2.280222399,590
P,SEK,HOK,SEK,2,5,7,1C,1440,1.508,1.91644162,1.797299444,590
AB,SEK,HOK,SEK,2,5,7,1D,1440,1.196,1.519936458,1.400794281,590
P,SEK,SEK,SEK,2,5,7,1E,1440,0.722,0.917553614,0.7984114376,590
AB,SEK,SEK,SEK,2,5,7,1F,1440,0.538,0.6837172359,0.5645750596,590
P,HOK,SEK,SEK,2,5,7,1G,1440,1.574,2.000317712,1.881175536,590
AB,HOK,SEK,SEK,2,5,7,1H,1440,0.638,0.810802224,0.6916600477,590
P,HOK,HOK,SEK,2,4,7,2A,1440,0.43,0.5464654488,0.4273232724,590
AB,HOK,HOK,SEK,2,4,7,2B,1440,1.08,1.372517871,1.253375695,590
P,SEK,HOK,SEK,2,4,7,2C,1440,0.291,0.3698173153,0.250675139,590
AB,SEK,HOK,SEK,2,4,7,2D,1440,0.723,0.9188244639,0.7996822875,590
P,SEK,SEK,SEK,2,4,7,2E,1440,0.494,0.6277998411,0.5086576648,590
AB,SEK,SEK,SEK,2,4,7,2F,1440,0.568,0.7218427323,0.602700556,590
P,HOK,SEK,SEK,2,4,7,2G,1440,0.358,0.4549642573,0.335822081,590
AB,HOK,SEK,SEK,2,4,7,2H,1440,1.888,2.399364575,2.280222399,590
P,HOK,HOK,SEK,2,3,7,3A,1440,1.187,1.508498809,1.389356632,590
AB,HOK,HOK,SEK,2,3,7,3B,1440,1.63,2.071485306,1.952343129,590
P,SEK,HOK,SEK,2,3,7,3C,1440,1.146,1.456393963,1.337251787,590
AB,SEK,HOK,SEK,2,3,7,3D,1440,0.344,0.437172359,0.3180301827,590
P,SEK,SEK,SEK,2,3,7,3E,1440,1.893,2.405718824,2.286576648,590
AB,SEK,SEK,SEK,2,3,7,3F,1440,0.341,0.4333598094,0.314217633,590
P,HOK,SEK,SEK,2,3,7,3G,1440,0.339,0.4308181096,0.3116759333,590
AB,HOK,SEK,SEK,2,3,7,3H,1440,0.429,0.5451945989,0.4260524226,590
P,HOK,HOK,SEK,2,2,7,4A,1440,0.474,0.6023828435,0.4832406672,590
AB,HOK,HOK,SEK,2,2,7,4B,1440,1.639,2.082922955,1.963780778,590
P,SEK,HOK,SEK,2,2,7,4C,1440,0.493,0.6265289913,0.5073868149,590
AB,SEK,HOK,SEK,2,2,7,4D,1440,1.698,2.157903098,2.038760921,590
P,SEK,SEK,SEK,2,2,7,4E,1440,1.406,1.786814932,1.667672756,590
AB,SEK,SEK,SEK,2,2,7,4F,1440,0.442,0.5617156473,0.442573471,590
P,HOK,SEK,SEK,2,2,7,4G,1440,0.474,0.6023828435,0.4832406672,590
AB,HOK,SEK,SEK,2,2,7,4H,1440,1.249,1.587291501,1.468149325,590
P,HOK,HOK,SEK,2,1,7,5A,1440,1.515,1.925337569,1.806195393,590
AB,HOK,HOK,SEK,2,1,7,5B,1440,0.609,0.7739475774,0.6548054011,590
P,SEK,HOK,SEK,2,1,7,5C,1440,0.734,0.9328038125,0.8136616362,590
AB,SEK,HOK,SEK,2,1,7,5D,1440,1.126,1.430976966,1.31183479,590
P,SEK,SEK,SEK,2,1,7,5E,1440,0.688,0.874344718,0.7552025417,590
AB,SEK,SEK,SEK,2,1,7,5F,1440,0.604,0.767593328,0.6484511517,590
P,HOK,SEK,SEK,2,1,7,5G,1440,0.585,0.7434471803,0.624305004,590
AB,HOK,SEK,SEK,2,1,7,5H,1440,0.678,0.8616362192,0.7424940429,590
P,HOK,HOK,HOK,2,5,7,6A,1440,1.406,1.786814932,1.667672756,590
AB,HOK,HOK,HOK,2,5,7,6B,1440,0.468,0.5947577442,0.4756155679,590
P,SEK,HOK,HOK,2,5,7,6C,1440,0.527,0.6697378872,0.5505957109,590
AB,SEK,HOK,HOK,2,5,7,6D,1440,0.784,0.9963463066,0.8772041303,590
P,SEK,SEK,HOK,2,5,7,6E,1440,0.689,0.8756155679,0.7564733916,590
AB,SEK,SEK,HOK,2,5,7,6F,1440,1.258,1.59872915,1.479586974,590
P,HOK,SEK,HOK,2,5,7,6G,1440,1.344,1.70802224,1.588880064,590
AB,HOK,SEK,HOK,2,5,7,6H,1440,0.651,0.8273232724,0.7081810961,590
P,HOK,HOK,HOK,2,4,7,7A,1440,0.336,0.42700556,0.3078633836,590
AB,HOK,HOK,HOK,2,4,7,7B,1440,0.256,0.3253375695,0.2061953932,590
P,SEK,HOK,HOK,2,4,7,7C,1440,0.249,0.3164416203,0.197299444,590
AB,SEK,HOK,HOK,2,4,7,7D,1440,0.542,0.6888006354,0.5696584591,590
P,SEK,SEK,HOK,2,4,7,7E,1440,0.301,0.3825258141,0.2633836378,590
AB,SEK,SEK,HOK,2,4,7,7F,1440,0.358,0.4549642573,0.335822081,590
P,HOK,SEK,HOK,2,4,7,7G,1440,0.27,0.3431294678,0.2239872915,590
AB,HOK,SEK,HOK,2,4,7,7H,1440,0.536,0.6811755361,0.5620333598,590
P,HOK,HOK,HOK,2,3,7,8A,1440,0.392,0.4981731533,0.379030977,590
AB,HOK,HOK,HOK,2,3,7,8B,1440,1.013,1.287370929,1.168228753,590
P,SEK,HOK,HOK,2,3,7,8C,1440,0.39,0.4956314535,0.3764892772,590
AB,SEK,HOK,HOK,2,3,7,8D,1440,0.537,0.682446386,0.5633042097,590
P,SEK,SEK,HOK,2,3,7,8E,1440,0.412,0.5235901509,0.4044479746,590
AB,SEK,SEK,HOK,2,3,7,8F,1440,0.628,0.7980937252,0.6789515488,590
P,HOK,SEK,HOK,2,3,7,8G,1440,1.893,2.405718824,2.286576648,590
AB,HOK,SEK,HOK,2,3,7,8H,1440,0.519,0.6595710882,0.5404289118,590
P,HOK,HOK,HOK,2,2,7,9A,1440,0.624,0.7930103257,0.6738681493,590
AB,HOK,HOK,HOK,2,2,7,9B,1440,0.543,0.6900714853,0.570929309,590
P,SEK,HOK,HOK,2,2,7,9C,1440,0.939,1.193328038,1.074185862,590
AB,SEK,HOK,HOK,2,2,7,9D,1440,0.528,0.6710087371,0.5518665608,590
P,SEK,SEK,HOK,2,2,7,9E,1440,0.731,0.9289912629,0.8098490866,590
AB,SEK,SEK,HOK,2,2,7,9F,1440,0.601,0.7637807784,0.6446386021,590
P,HOK,SEK,HOK,2,2,7,9G,1440,0.659,0.8374900715,0.7183478952,590
AB,HOK,SEK,HOK,2,2,7,9H,1440,0.753,0.9569499603,0.837807784,590
P,HOK,HOK,HOK,2,1,7,10A,1440,0.566,0.7193010326,0.6001588562,590
AB,HOK,HOK,HOK,2,1,7,10B,1440,1.221,1.551707705,1.432565528,590
P,SEK,HOK,HOK,2,1,7,10C,1440,0.544,0.6913423352,0.5722001589,590
AB,SEK,HOK,HOK,2,1,7,10D,1440,0.683,0.8679904686,0.7488482923,590
P,SEK,SEK,HOK,2,1,7,10E,1440,0.46,0.5845909452,0.4654487689,590
AB,SEK,SEK,HOK,2,1,7,10F,1440,0.606,0.7701350278,0.6509928515,590
P,HOK,SEK,HOK,2,1,7,10G,1440,0.447,0.5680698967,0.4489277204,590
AB,HOK,SEK,HOK,2,1,7,10H,1440,0.57,0.7243844321,0.6052422558,590
P,HOK,HOK,SEK,1,5,7,1A,1440,0.707,0.8984908658,0.7793486894,590
AB,HOK,HOK,SEK,1,5,7,1B,1440,1.376,1.748689436,1.62954726,590
P,SEK,HOK,SEK,1,5,7,1C,1440,0.761,0.9671167593,0.847974583,590
AB,SEK,HOK,SEK,1,5,7,1D,1440,0.432,0.5490071485,0.4298649722,590
P,SEK,SEK,SEK,1,5,7,1E,1440,0.386,0.490548054,0.3714058777,590
AB,SEK,SEK,SEK,1,5,7,1F,1440,0.377,0.4791104051,0.3599682288,590
P,HOK,SEK,SEK,1,5,7,1G,1440,0.523,0.6646544877,0.5455123114,590
AB,HOK,SEK,SEK,1,5,7,1H,1440,0.42,0.53375695,0.4146147736,590
P,HOK,HOK,SEK,1,4,7,2A,1440,0.486,0.6176330421,0.4984908658,590
AB,HOK,HOK,SEK,1,4,7,2B,1440,0.814,1.034471803,0.9153296267,590
P,SEK,HOK,SEK,1,4,7,2C,1440,0.53,0.6735504369,0.5544082605,590
AB,SEK,HOK,SEK,1,4,7,2D,1440,0.438,0.5566322478,0.4374900715,590
P,SEK,SEK,SEK,1,4,7,2E,1440,0.998,1.268308181,1.149166005,590
AB,SEK,SEK,SEK,1,4,7,2F,1440,0.687,0.8730738681,0.7539316918,590
P,HOK,SEK,SEK,1,4,7,2G,1440,0.944,1.199682288,1.080540111,590
AB,HOK,SEK,SEK,1,4,7,2H,1440,0.673,0.8552819698,0.7361397935,590
P,HOK,HOK,SEK,1,3,7,3A,1440,0.873,1.109451946,0.9903097697,590
AB,HOK,HOK,SEK,1,3,7,3B,1440,0.19,0.2414614774,0.122319301,590
P,SEK,HOK,SEK,1,3,7,3C,1440,1.361,1.729626688,1.610484512,590
AB,SEK,HOK,SEK,1,3,7,3D,1440,0.462,0.587132645,0.4679904686,590
P,SEK,SEK,SEK,1,3,7,3E,1440,0.422,0.5362986497,0.4171564734,590
AB,SEK,SEK,SEK,1,3,7,3F,1440,0.48,0.6100079428,0.4908657665,590
P,HOK,SEK,SEK,1,3,7,3G,1440,0.818,1.039555203,0.9204130262,590
AB,HOK,SEK,SEK,1,3,7,3H,1440,0.405,0.5146942017,0.3955520254,590
P,HOK,HOK,SEK,1,2,7,4A,1440,0.785,0.9976171565,0.8784749801,590
AB,HOK,HOK,SEK,1,2,7,4B,1440,0.734,0.9328038125,0.8136616362,590
P,SEK,HOK,SEK,1,2,7,4C,1440,0.442,0.5617156473,0.442573471,590
AB,SEK,HOK,SEK,1,2,7,4D,1440,0.396,0.5032565528,0.3841143765,590
P,SEK,SEK,SEK,1,2,7,4E,1440,0.36,0.4575059571,0.3383637808,590
AB,SEK,SEK,SEK,1,2,7,4F,1440,0.565,0.7180301827,0.5988880064,590
P,HOK,SEK,SEK,1,2,7,4G,1440,0.724,0.9200953137,0.8009531374,590
AB,HOK,SEK,SEK,1,2,7,4H,1440,0.49,0.6227164416,0.5035742653,590
P,HOK,HOK,SEK,1,1,7,5A,1440,1.042,1.324225576,1.2050834,590
AB,HOK,HOK,SEK,1,1,7,5B,1440,0.45,0.5718824464,0.4527402701,590
P,SEK,HOK,SEK,1,1,7,5C,1440,1.141,1.450039714,1.330897538,590
AB,SEK,HOK,SEK,1,1,7,5D,1440,1.529,1.943129468,1.823987292,590
P,SEK,SEK,SEK,1,1,7,5E,1440,0.441,0.5604447975,0.4413026211,590
AB,SEK,SEK,SEK,1,1,7,5F,1440,0.462,0.587132645,0.4679904686,590
P,HOK,SEK,SEK,1,1,7,5G,1440,0.53,0.6735504369,0.5544082605,590
AB,HOK,SEK,SEK,1,1,7,5H,1440,0.444,0.5642573471,0.4451151708,590
P,HOK,HOK,HOK,1,5,7,6A,1440,0.568,0.7218427323,0.602700556,590
AB,HOK,HOK,HOK,1,5,7,6B,1440,1.303,1.655917395,1.536775218,590
P,SEK,HOK,HOK,1,5,7,6C,1440,1.041,1.322954726,1.20381255,590
AB,SEK,HOK,HOK,1,5,7,6D,1440,0.988,1.255599682,1.136457506,590
P,SEK,SEK,HOK,1,5,7,6E,1440,1.515,1.925337569,1.806195393,590
AB,SEK,SEK,HOK,1,5,7,6F,1440,1.329,1.688959492,1.569817315,590
P,HOK,SEK,HOK,1,5,7,6G,1440,1.665,2.115965052,1.996822875,590
AB,HOK,SEK,HOK,1,5,7,6H,1440,0.72,0.9150119142,0.7958697379,590
P,HOK,HOK,HOK,1,4,7,7A,1440,1.076,1.367434472,1.248292295,590
AB,HOK,HOK,HOK,1,4,7,7B,1440,0.338,0.4295472597,0.3104050834,590
P,SEK,HOK,HOK,1,4,7,7C,1440,0.219,0.2783161239,0.1591739476,590
AB,SEK,HOK,HOK,1,4,7,7D,1440,0.281,0.3571088165,0.2379666402,590
P,SEK,SEK,HOK,1,4,7,7E,1440,0.265,0.3367752184,0.2176330421,590
AB,SEK,SEK,HOK,1,4,7,7F,1440,0.355,0.4511517077,0.3320095314,590
P,HOK,SEK,HOK,1,4,7,7G,1440,0.491,0.6239872915,0.5048451152,590
AB,HOK,SEK,HOK,1,4,7,7H,1440,1.09,1.38522637,1.266084194,590
P,HOK,HOK,HOK,1,3,7,8A,1440,0.53,0.6735504369,0.5544082605,590
AB,HOK,HOK,HOK,1,3,7,8B,1440,0.542,0.6888006354,0.5696584591,590
P,SEK,HOK,HOK,1,3,7,8C,1440,0.309,0.3926926132,0.2735504369,590
AB,SEK,HOK,HOK,1,3,7,8D,1440,1.169,1.485623511,1.366481334,590
P,SEK,SEK,HOK,1,3,7,8E,1440,0.97,1.232724384,1.113582208,590
AB,SEK,SEK,HOK,1,3,7,8F,1440,0.529,0.672279587,0.5531374106,590
P,HOK,SEK,HOK,1,3,7,8G,1440,0.485,0.6163621922,0.4972200159,590
AB,HOK,SEK,HOK,1,3,7,8H,1440,0.541,0.6875297855,0.5683876092,590
P,HOK,HOK,HOK,1,2,7,9A,1440,0.397,0.5045274027,0.3853852264,590
AB,HOK,HOK,HOK,1,2,7,9B,1440,0.542,0.6888006354,0.5696584591,590
P,SEK,HOK,HOK,1,2,7,9C,1440,1.212,1.540270056,1.421127879,590
AB,SEK,HOK,HOK,1,2,7,9D,1440,0.368,0.4676727562,0.3485305798,590
P,SEK,SEK,HOK,1,2,7,9E,1440,0.558,0.7091342335,0.5899920572,590
AB,SEK,SEK,HOK,1,2,7,9FR,1440,0.775,0.9849086577,0.8657664813,590
P,HOK,SEK,HOK,1,2,7,9G,1440,1.919,2.438760921,2.319618745,590
AB,HOK,SEK,HOK,1,2,7,9H,1440,0.553,0.7027799841,0.5836378078,590
P,HOK,HOK,HOK,1,1,7,10A,1440,0.745,0.9467831612,0.8276409849,590
AB,HOK,HOK,HOK,1,1,7,10B,1440,0.735,0.9340746624,0.8149324861,590
P,SEK,HOK,HOK,1,1,7,10C,1440,1.491,1.894837172,1.775694996,590
AB,SEK,HOK,HOK,1,1,7,10D,1440,0.5,0.6354249404,0.5162827641,590
P,SEK,SEK,HOK,1,1,7,10E,1440,0.56,0.7116759333,0.5925337569,590
AB,SEK,SEK,HOK,1,1,7,10F,1440,0.906,1.151389992,1.032247816,590
P,HOK,SEK,HOK,1,1,7,10G,1440,0.574,0.7294678316,0.6103256553,590
AB,HOK,SEK,HOK,1,1,7,10H,1440,0.495,0.629070691,0.5099285147,590
P,HOK,HOK,SEK,2,5,7,1A,2880,0.728,0.981462757,0.8525446579,590
AB,HOK,HOK,SEK,2,5,7,1B,2880,0.582,0.7846309403,0.6557128413,590
P,SEK,HOK,SEK,2,5,7,1C,2880,1.413,1.904954499,1.7760364,590
AB,SEK,HOK,SEK,2,5,7,1D,2880,0.874,1.178294574,1.049376475,590
P,SEK,SEK,SEK,2,5,7,1E,2880,0.766,1.032692956,0.9037748568,590
AB,SEK,SEK,SEK,2,5,7,1F,2880,0.596,0.8035052241,0.674587125,590
P,HOK,SEK,SEK,2,5,7,1G,2880,1.557,2.09908999,1.970171891,590
AB,HOK,SEK,SEK,2,5,7,1H,2880,0.703,0.9477586788,0.8188405797,590
P,HOK,HOK,SEK,2,4,7,2A,2880,0.453,0.6107178969,0.4817997978,590
AB,HOK,HOK,SEK,2,4,7,2B,2880,1.263,1.70273003,1.573811931,590
P,SEK,HOK,SEK,2,4,7,2C,2880,0.3,0.4044489383,0.2755308392,590
AB,SEK,HOK,SEK,2,4,7,2D,2880,0.674,0.9086619481,0.779743849,590
P,SEK,SEK,SEK,2,4,7,2E,2880,0.584,0.7873272666,0.6584091675,590
AB,SEK,SEK,SEK,2,4,7,2F,2880,0.616,0.8304684867,0.7015503876,590
P,HOK,SEK,SEK,2,4,7,2G,2880,0.369,0.4974721941,0.368554095,590
AB,HOK,SEK,SEK,2,4,7,2H,2880,1.804,2.432086282,2.303168183,590
P,HOK,HOK,SEK,2,3,7,3A,2880,0.822,1.108190091,0.9792719919,590
AB,HOK,HOK,SEK,2,3,7,3B,2880,1.415,1.907650826,1.778732727,590
P,SEK,HOK,SEK,2,3,7,3C,2880,1.094,1.474890462,1.345972363,590
AB,SEK,HOK,SEK,2,3,7,3D,2880,0.355,0.4785979103,0.3496798113,590
P,SEK,SEK,SEK,2,3,7,3E,2880,1.928,2.59925851,2.470340411,590
AB,SEK,SEK,SEK,2,3,7,3F,2880,0.348,0.4691607685,0.3402426694,590
P,HOK,SEK,SEK,2,3,7,3G,2880,0.363,0.4893832154,0.3604651163,590
AB,HOK,SEK,SEK,2,3,7,3H,2880,0.445,0.5999325918,0.4710144928,590
P,HOK,HOK,SEK,2,2,7,4A,2880,0.508,0.6848668689,0.5559487698,590
AB,HOK,HOK,SEK,2,2,7,4B,2880,1.462,1.971014493,1.842096394,590
P,SEK,HOK,SEK,2,2,7,4C,2880,0.353,0.4759015841,0.346983485,590
AB,SEK,HOK,SEK,2,2,7,4D,2880,1.85,2.494101786,2.365183687,590
P,SEK,SEK,SEK,2,2,7,4E,2880,1.084,1.46140883,1.332490731,590
AB,SEK,SEK,SEK,2,2,7,4F,2880,0.479,0.6457701382,0.5168520391,590
P,HOK,SEK,SEK,2,2,7,4G,2880,0.511,0.6889113583,0.5599932592,590
AB,HOK,SEK,SEK,2,2,7,4H,2880,0.586,0.7900235929,0.6611054938,590
P,HOK,HOK,SEK,2,1,7,5A,2880,1.848,2.49140546,2.362487361,590
AB,HOK,HOK,SEK,2,1,7,5B,2880,0.686,0.9248399056,0.7959218065,590
P,SEK,HOK,SEK,2,1,7,5C,2880,0.82,1.105493765,0.9765756657,590
AB,SEK,HOK,SEK,2,1,7,5D,2880,1.308,1.763397371,1.634479272,590
P,SEK,SEK,SEK,2,1,7,5E,2880,0.77,1.038085608,0.9091675093,590
AB,SEK,SEK,SEK,2,1,7,5F,2880,0.663,0.8938321537,0.7649140546,590
P,HOK,SEK,SEK,2,1,7,5G,2880,0.661,0.8911358274,0.7622177283,590
AB,HOK,SEK,SEK,2,1,7,5H,2880,0.681,0.91809909,0.7891809909,590
P,HOK,HOK,HOK,2,5,7,6A,2880,1.545,2.082912032,1.953993933,590
AB,HOK,HOK,HOK,2,5,7,6B,2880,0.483,0.6511627907,0.5222446916,590
P,SEK,HOK,HOK,2,5,7,6C,2880,0.539,0.7266599259,0.5977418268,590
AB,SEK,HOK,HOK,2,5,7,6D,2880,0.894,1.205257836,1.076339737,590
P,SEK,SEK,HOK,2,5,7,6E,2880,0.698,0.9410178632,0.8120997641,590
AB,SEK,SEK,HOK,2,5,7,6F,2880,0.873,1.176946411,1.048028311,590
P,HOK,SEK,HOK,2,5,7,6G,2880,1.445,1.94809572,1.81917762,590
AB,HOK,SEK,HOK,2,5,7,6H,2880,0.741,0.9989888777,0.8700707786,590
P,HOK,HOK,HOK,2,4,7,7A,2880,0.33,0.4448938322,0.3159757331,590
AB,HOK,HOK,HOK,2,4,7,7B,2880,0.269,0.3626558814,0.2337377823,590
P,SEK,HOK,HOK,2,4,7,7C,2880,0.258,0.347826087,0.2189079879,590
AB,SEK,HOK,HOK,2,4,7,7D,2880,0.555,0.7482305359,0.6193124368,590
P,SEK,SEK,HOK,2,4,7,7E,2880,0.325,0.4381530165,0.3092349174,590
AB,SEK,SEK,HOK,2,4,7,7F,2880,0.372,0.5015166835,0.3725985844,590
P,HOK,SEK,HOK,2,4,7,7G,2880,0.29,0.390967307,0.262049208,590
AB,HOK,SEK,HOK,2,4,7,7H,2880,0.51,0.6875631951,0.5586450961,590
P,HOK,HOK,HOK,2,3,7,8A,2880,0.413,0.5567913718,0.4278732727,590
AB,HOK,HOK,HOK,2,3,7,8B,2880,1.208,1.628581058,1.499662959,590
P,SEK,HOK,HOK,2,3,7,8C,2880,0.421,0.5675766768,0.4386585777,590
AB,SEK,HOK,HOK,2,3,7,8D,2880,0.468,0.6309403438,0.5020222447,590
P,SEK,SEK,HOK,2,3,7,8E,2880,0.448,0.6039770812,0.4750589821,590
AB,SEK,SEK,HOK,2,3,7,8F,2880,0.773,1.042130098,0.9132119987,590
P,HOK,SEK,HOK,2,3,7,8G,2880,1.828,2.464442198,2.335524098,590
AB,HOK,SEK,HOK,2,3,7,8H,2880,0.559,0.7536231884,0.6247050893,590
P,HOK,HOK,HOK,2,2,7,9A,2880,0.663,0.8938321537,0.7649140546,590
AB,HOK,HOK,HOK,2,2,7,9B,2880,0.557,0.7509268622,0.6220087631,590
P,SEK,HOK,HOK,2,2,7,9C,2880,0.967,1.303673745,1.174755645,590
AB,SEK,HOK,HOK,2,2,7,9D,2880,0.553,0.7455342096,0.6166161105,590
P,SEK,SEK,HOK,2,2,7,9E,2880,0.852,1.148634985,1.019716886,590
AB,SEK,SEK,HOK,2,2,7,9F,2880,0.7,0.9437141894,0.8147960903,590
P,HOK,SEK,HOK,2,2,7,9G,2880,0.764,1.02999663,0.9010785305,590
AB,HOK,SEK,HOK,2,2,7,9H,2880,0.681,0.91809909,0.7891809909,590
P,HOK,HOK,HOK,2,1,7,10A,2880,0.594,0.8008088979,0.6718907988,590
AB,HOK,HOK,HOK,2,1,7,10B,2880,0.618,0.8331648129,0.7042467139,590
P,SEK,HOK,HOK,2,1,7,10C,2880,0.568,0.7657566566,0.6368385575,590
AB,SEK,HOK,HOK,2,1,7,10D,2880,0.718,0.9679811257,0.8390630266,590
P,SEK,SEK,HOK,2,1,7,10E,2880,0.463,0.6241995281,0.4952814291,590
AB,SEK,SEK,HOK,2,1,7,10F,2880,0.802,1.081226828,0.9523087294,590
P,HOK,SEK,HOK,2,1,7,10G,2880,0.459,0.6188068756,0.4898887765,590
AB,HOK,SEK,HOK,2,1,7,10H,2880,0.503,0.6781260533,0.5492079542,590
P,HOK,HOK,SEK,1,5,7,1A,2880,0.893,1.203909673,1.074991574,590
AB,HOK,HOK,SEK,1,5,7,1B,2880,1.585,2.136838557,2.007920458,590
P,SEK,HOK,SEK,1,5,7,1C,2880,0.74,0.9976407145,0.8687226154,590
AB,SEK,HOK,SEK,1,5,7,1D,2880,0.431,0.5810583081,0.452140209,590
P,SEK,SEK,SEK,1,5,7,1E,2880,0.41,0.5527468824,0.4238287833,590
AB,SEK,SEK,SEK,1,5,7,1F,2880,0.423,0.570273003,0.4413549039,590
P,HOK,SEK,SEK,1,5,7,1G,2880,0.583,0.7859791035,0.6570610044,590
AB,HOK,SEK,SEK,1,5,7,1H,2880,0.431,0.5810583081,0.452140209,590
P,HOK,HOK,SEK,1,4,7,2A,2880,0.503,0.6781260533,0.5492079542,590
AB,HOK,HOK,SEK,1,4,7,2B,2880,0.882,1.189079879,1.06016178,590
P,SEK,HOK,SEK,1,4,7,2C,2880,0.655,0.8830468487,0.7541287496,590
AB,SEK,HOK,SEK,1,4,7,2D,2880,0.452,0.6093697337,0.4804516346,590
P,SEK,SEK,SEK,1,4,7,2E,2880,1.326,1.787664307,1.658746208,590
AB,SEK,SEK,SEK,1,4,7,2F,2880,0.717,0.9666329626,0.8377148635,590
P,HOK,SEK,SEK,1,4,7,2G,2880,1.42,1.914391641,1.785473542,590
AB,HOK,SEK,SEK,1,4,7,2H,2880,0.72,0.970677452,0.8417593529,590
P,HOK,HOK,SEK,1,3,7,3A,2880,0.976,1.315807213,1.186889114,590
AB,HOK,HOK,SEK,1,3,7,3B,2880,0.196,0.264239973,0.1353218739,590
P,SEK,HOK,SEK,1,3,7,3C,2880,1.287,1.735085945,1.606167846,590
AB,SEK,HOK,SEK,1,3,7,3D,2880,0.44,0.5931917762,0.4642736771,590
P,SEK,SEK,SEK,1,3,7,3E,2880,0.439,0.5918436131,0.462925514,590
AB,SEK,SEK,SEK,1,3,7,3F,2880,0.504,0.6794742164,0.5505561173,590
P,HOK,SEK,SEK,1,3,7,3G,2880,0.759,1.023255814,0.8943377149,590
AB,HOK,SEK,SEK,1,3,7,3H,2880,0.317,0.4273677115,0.2984496124,590
P,HOK,HOK,SEK,1,2,7,4A,2880,1.085,1.462756994,1.333838895,590
AB,HOK,HOK,SEK,1,2,7,4B,2880,0.768,1.035389282,0.906471183,590
P,SEK,HOK,SEK,1,2,7,4C,2880,0.456,0.6147623862,0.4858442872,590
AB,SEK,HOK,SEK,1,2,7,4D,2880,0.41,0.5527468824,0.4238287833,590
P,SEK,SEK,SEK,1,2,7,4E,2880,0.375,0.5055611729,0.3766430738,590
AB,SEK,SEK,SEK,1,2,7,4F,2880,0.647,0.8722615436,0.7433434446,590
P,HOK,SEK,SEK,1,2,7,4G,2880,0.778,1.048870913,0.9199528143,590
AB,HOK,SEK,SEK,1,2,7,4H,2880,0.535,0.7212672733,0.5923491743,590
P,HOK,HOK,SEK,1,1,7,5A,2880,1.289,1.737782272,1.608864173,590
AB,HOK,HOK,SEK,1,1,7,5B,2880,0.437,0.5891472868,0.4602291877,590
P,SEK,HOK,SEK,1,1,7,5C,2880,1.021,1.376474553,1.247556454,590
AB,SEK,HOK,SEK,1,1,7,5D,2880,0.585,0.7886754297,0.6597573306,590
P,SEK,SEK,SEK,1,1,7,5E,2880,0.488,0.6579036063,0.5289855072,590
AB,SEK,SEK,SEK,1,1,7,5F,2880,0.564,0.760364004,0.631445905,590
P,HOK,SEK,SEK,1,1,7,5G,2880,0.554,0.7468823728,0.6179642737,590
AB,HOK,SEK,SEK,1,1,7,5H,2880,0.43,0.5797101449,0.4507920458,590
P,HOK,HOK,HOK,1,5,7,6A,2880,0.607,0.8183350185,0.6894169194,590
AB,HOK,HOK,HOK,1,5,7,6B,2880,1.408,1.898213684,1.769295585,590
P,SEK,HOK,HOK,1,5,7,6C,2880,1.321,1.780923492,1.652005393,590
AB,SEK,HOK,HOK,1,5,7,6D,2880,0.968,1.305021908,1.176103809,590
P,SEK,SEK,HOK,1,5,7,6E,2880,1.292,1.741826761,1.612908662,590
AB,SEK,SEK,HOK,1,5,7,6F,2880,1.175,1.584091675,1.455173576,590
P,HOK,SEK,HOK,1,5,7,6G,2880,1.775,2.392989552,2.264071453,590
AB,HOK,SEK,HOK,1,5,7,6H,2880,0.757,1.020559488,0.8916413886,590
P,HOK,HOK,HOK,1,4,7,7A,2880,1.383,1.864509606,1.735591507,590
AB,HOK,HOK,HOK,1,4,7,7B,2880,0.35,0.4718570947,0.3429389956,590
P,SEK,HOK,HOK,1,4,7,7C,2880,0.22,0.2965958881,0.167677789,590
AB,SEK,HOK,HOK,1,4,7,7D,2880,0.275,0.3707448601,0.241826761,590
P,SEK,SEK,HOK,1,4,7,7E,2880,0.283,0.3815301651,0.2526120661,590
AB,SEK,SEK,HOK,1,4,7,7F,2880,0.374,0.5042130098,0.3752949107,590
P,HOK,SEK,HOK,1,4,7,7G,2880,0.532,0.717222784,0.5883046849,590
AB,HOK,SEK,HOK,1,4,7,7H,2880,1.534,2.068082238,1.939164139,590
P,HOK,HOK,HOK,1,3,7,8A,2880,0.572,0.7711493091,0.64223121,590
AB,HOK,HOK,HOK,1,3,7,8B,2880,0.528,0.7118301314,0.5829120324,590
P,SEK,HOK,HOK,1,3,7,8C,2880,0.332,0.4475901584,0.3186720593,590
AB,SEK,HOK,HOK,1,3,7,8D,2880,0.739,0.9962925514,0.8673744523,590
P,SEK,SEK,HOK,1,3,7,8E,2880,1.389,1.872598584,1.743680485,590
AB,SEK,SEK,HOK,1,3,7,8F,2880,0.614,0.8277721604,0.6988540613,590
P,HOK,SEK,HOK,1,3,7,8G,2880,0.5,0.6740815639,0.5451634648,590
AB,HOK,SEK,HOK,1,3,7,8H,2880,0.584,0.7873272666,0.6584091675,590
P,HOK,HOK,HOK,1,2,7,9A,2880,0.429,0.5783619818,0.4494438827,590
AB,HOK,HOK,HOK,1,2,7,9B,2880,0.558,0.7522750253,0.6233569262,590
P,SEK,HOK,HOK,1,2,7,9C,2880,1.649,2.223120998,2.094202899,590
AB,SEK,HOK,HOK,1,2,7,9D,2880,0.386,0.5203909673,0.3914728682,590
P,SEK,SEK,HOK,1,2,7,9E,2880,0.596,0.8035052241,0.674587125,590
AB,SEK,SEK,HOK,1,2,7,9FR,2880,0.747,1.007077856,0.8781597573,590
P,HOK,SEK,HOK,1,2,7,9G,2880,1.694,2.283788338,2.154870239,590
AB,HOK,SEK,HOK,1,2,7,9H,2880,0.557,0.7509268622,0.6220087631,590
P,HOK,HOK,HOK,1,1,7,10A,2880,0.875,1.179642737,1.050724638,590
AB,HOK,HOK,HOK,1,1,7,10B,2880,0.933,1.257836198,1.128918099,590
P,SEK,HOK,HOK,1,1,7,10C,2880,1.803,2.430738119,2.30182002,590
AB,SEK,HOK,HOK,1,1,7,10D,2880,0.565,0.7617121672,0.6327940681,590
P,SEK,SEK,HOK,1,1,7,10E,2880,0.65,0.876306033,0.7473879339,590
AB,SEK,SEK,HOK,1,1,7,10F,2880,0.774,1.043478261,0.9145601618,590
P,HOK,SEK,HOK,1,1,7,10G,2880,0.587,0.791371756,0.6624536569,590
AB,HOK,SEK,HOK,1,1,7,10H,2880,0.529,0.7131782946,0.5842601955,590
P,HOK,HOK,SEK,2,5,7,1A,4320,0.735,0.9628295399,0.8292123792,590
AB,HOK,HOK,SEK,2,5,7,1B,4320,0.638,0.8357622401,0.7021450794,590
P,SEK,HOK,SEK,2,5,7,1C,4320,1.182,1.548387097,1.414769936,590
AB,SEK,HOK,SEK,2,5,7,1D,4320,0.931,1.219584084,1.085966923,590
P,SEK,SEK,SEK,2,5,7,1E,4320,0.758,0.9929588996,0.859341739,590
AB,SEK,SEK,SEK,2,5,7,1F,4320,0.663,0.8685115441,0.7348943835,590
P,HOK,SEK,SEK,2,5,7,1G,4320,1.541,2.018667103,1.885049943,590
AB,HOK,SEK,SEK,2,5,7,1H,4320,0.798,1.045357786,0.9117406255,590
P,HOK,HOK,SEK,2,4,7,2A,4320,0.508,0.6654658589,0.5318486982,590
AB,HOK,HOK,SEK,2,4,7,2B,4320,1.679,2.199443262,2.065826101,590
P,SEK,HOK,SEK,2,4,7,2C,4320,0.317,0.4152611757,0.2816440151,590
AB,SEK,HOK,SEK,2,4,7,2D,4320,0.672,0.8803012936,0.746684133,590
P,SEK,SEK,SEK,2,4,7,2E,4320,0.617,0.8082528246,0.674635664,590
AB,SEK,SEK,SEK,2,4,7,2F,4320,0.745,0.9759292615,0.8423121009,590
P,HOK,SEK,SEK,2,4,7,2G,4320,0.383,0.5017193385,0.3681021778,590
AB,HOK,SEK,SEK,2,4,7,2H,4320,1.746,2.287211397,2.153594236,590
P,HOK,HOK,SEK,2,3,7,3A,4320,0.712,0.9327001801,0.7990830195,590
AB,HOK,HOK,SEK,2,3,7,3B,4320,0.67,0.8776813493,0.7440641886,590
P,SEK,HOK,SEK,2,3,7,3C,4320,1.062,1.391190437,1.257573277,590
AB,SEK,HOK,SEK,2,3,7,3D,4320,0.389,0.5095791714,0.3759620108,590
P,SEK,SEK,SEK,2,3,7,3E,4320,1.967,2.576715245,2.443098084,590
AB,SEK,SEK,SEK,2,3,7,3F,4320,0.356,0.4663500901,0.3327329294,590
P,HOK,SEK,SEK,2,3,7,3G,4320,0.396,0.5187489766,0.3851318159,590
AB,HOK,SEK,SEK,2,3,7,3H,4320,0.466,0.610447028,0.4768298674,590
P,HOK,HOK,SEK,2,2,7,4A,4320,0.537,0.7034550516,0.5698378909,590
AB,HOK,HOK,SEK,2,2,7,4B,4320,1.353,1.772392337,1.638775176,590
P,SEK,HOK,SEK,2,2,7,4C,4320,0.339,0.4440805633,0.3104634027,590
AB,SEK,HOK,SEK,2,2,7,4D,4320,1.814,2.376289504,2.242672343,590
P,SEK,SEK,SEK,2,2,7,4E,4320,1.335,1.748812838,1.615195677,590
AB,SEK,SEK,SEK,2,2,7,4F,4320,0.547,0.7165547732,0.5829376126,590
P,HOK,SEK,SEK,2,2,7,4G,4320,0.573,0.7506140495,0.6169968888,590
AB,HOK,SEK,SEK,2,2,7,4H,4320,0.618,0.8095627968,0.6759456362,590
P,HOK,HOK,SEK,2,1,7,5A,4320,2.073,2.715572294,2.581955133,590
AB,HOK,HOK,SEK,2,1,7,5B,4320,0.782,1.024398232,0.8907810709,590
P,SEK,HOK,SEK,2,1,7,5C,4320,0.884,1.158015392,1.024398232,590
AB,SEK,HOK,SEK,2,1,7,5D,4320,1.696,2.221712789,2.088095628,590
P,SEK,SEK,SEK,2,1,7,5E,4320,0.865,1.133125921,0.9995087604,590
AB,SEK,SEK,SEK,2,1,7,5F,4320,0.763,0.9995087604,0.8658915998,590
P,HOK,SEK,SEK,2,1,7,5G,4320,0.799,1.046667758,0.9130505977,590
AB,HOK,SEK,SEK,2,1,7,5H,4320,0.736,0.964139512,0.8305223514,590
P,HOK,HOK,HOK,2,5,7,6A,4320,1.504,1.970198133,1.836580973,590
AB,HOK,HOK,HOK,2,5,7,6B,4320,0.488,0.6392664156,0.505649255,590
P,SEK,HOK,HOK,2,5,7,6C,4320,0.635,0.8318323236,0.6982151629,590
AB,SEK,HOK,HOK,2,5,7,6D,4320,1.029,1.347961356,1.214344195,590
P,SEK,SEK,HOK,2,5,7,6E,4320,0.73,0.9562796791,0.8226625184,590
AB,SEK,SEK,HOK,2,5,7,6F,4320,1.016,1.330931718,1.197314557,590
P,HOK,SEK,HOK,2,5,7,6G,4320,1.716,2.247912232,2.114295071,590
AB,HOK,SEK,HOK,2,5,7,6H,4320,0.749,0.9811691502,0.8475519895,590
P,HOK,HOK,HOK,2,4,7,7A,4320,0.346,0.4532503684,0.3196332078,590
AB,HOK,HOK,HOK,2,4,7,7B,4320,0.289,0.3785819551,0.2449647945,590
P,SEK,HOK,HOK,2,4,7,7C,4320,0.263,0.3445226789,0.2109055183,590
AB,SEK,HOK,HOK,2,4,7,7D,4320,0.619,0.810872769,0.6772556083,590
P,SEK,SEK,HOK,2,4,7,7E,4320,0.34,0.4453905355,0.3117733748,590
AB,SEK,SEK,HOK,2,4,7,7F,4320,0.371,0.4859996725,0.3523825119,590
P,HOK,SEK,HOK,2,4,7,7G,4320,0.313,0.410021287,0.2764041264,590
AB,HOK,SEK,HOK,2,4,7,7H,4320,0.573,0.7506140495,0.6169968888,590
P,HOK,HOK,HOK,2,3,7,8A,4320,0.434,0.5685279188,0.4349107581,590
AB,HOK,HOK,HOK,2,3,7,8B,4320,1.689,2.212542983,2.078925823,590
P,SEK,HOK,HOK,2,3,7,8C,4320,0.448,0.5868675291,0.4532503684,590
AB,SEK,HOK,HOK,2,3,7,8D,4320,0.44,0.5763877518,0.4427705911,590
P,SEK,SEK,HOK,2,3,7,8E,4320,0.519,0.6798755526,0.546258392,590
AB,SEK,SEK,HOK,2,3,7,8F,4320,0.728,0.9536597347,0.8200425741,590
P,HOK,SEK,HOK,2,3,7,8G,4320,1.931,2.529556247,2.395939086,590
AB,HOK,SEK,HOK,2,3,7,8H,4320,0.622,0.8148026854,0.6811855248,590
P,HOK,HOK,HOK,2,2,7,9A,4320,0.721,0.9444899296,0.810872769,590
AB,HOK,HOK,HOK,2,2,7,9B,4320,0.636,0.8331422957,0.6995251351,590
P,SEK,HOK,HOK,2,2,7,9C,4320,1.153,1.510397904,1.376780743,590
AB,SEK,HOK,HOK,2,2,7,9D,4320,0.606,0.7938431308,0.6602259702,590
P,SEK,SEK,HOK,2,2,7,9E,4320,0.962,1.260193221,1.12657606,590
AB,SEK,SEK,HOK,2,2,7,9F,4320,0.777,1.017848371,0.8842312101,590
P,HOK,SEK,HOK,2,2,7,9G,4320,0.809,1.05976748,0.9261503193,590
AB,HOK,SEK,HOK,2,2,7,9H,4320,0.787,1.030948092,0.8973309317,590
P,HOK,HOK,HOK,2,1,7,10A,4320,0.61,0.7990830195,0.6654658589,590
AB,HOK,HOK,HOK,2,1,7,10B,4320,0.556,0.7283445227,0.594727362,590
P,SEK,HOK,HOK,2,1,7,10C,4320,0.6,0.7859832979,0.6523661372,590
AB,SEK,HOK,HOK,2,1,7,10D,4320,0.776,1.016538399,0.8829212379,590
P,SEK,SEK,HOK,2,1,7,10E,4320,0.503,0.658915998,0.5252988374,590
AB,SEK,SEK,HOK,2,1,7,10F,4320,0.831,1.088586868,0.9549697069,590
P,HOK,SEK,HOK,2,1,7,10G,4320,0.48,0.6287866383,0.4951694776,590
AB,HOK,SEK,HOK,2,1,7,10H,4320,0.632,0.8279024071,0.6942852464,590
P,HOK,HOK,SEK,1,5,7,1A,4320,0.872,1.142295726,1.008678566,590
AB,HOK,HOK,SEK,1,5,7,1B,4320,1.517,1.987227771,1.853610611,590
P,SEK,HOK,SEK,1,5,7,1C,4320,0.746,0.9772392337,0.843622073,590
AB,SEK,HOK,SEK,1,5,7,1D,4320,0.451,0.5907974456,0.4571802849,590
P,SEK,SEK,SEK,1,5,7,1E,4320,0.423,0.554118225,0.4205010644,590
AB,SEK,SEK,SEK,1,5,7,1F,4320,0.446,0.5842475847,0.4506304241,590
P,HOK,SEK,SEK,1,5,7,1G,4320,0.65,0.851481906,0.7178647454,590
AB,HOK,SEK,SEK,1,5,7,1H,4320,0.472,0.618306861,0.4846897003,590
P,HOK,HOK,SEK,1,4,7,2A,4320,0.515,0.674635664,0.5410185034,590
AB,HOK,HOK,SEK,1,4,7,2B,4320,1.249,1.636155232,1.502538071,590
P,SEK,HOK,SEK,1,4,7,2C,4320,0.66,0.8645816276,0.730964467,590
AB,SEK,HOK,SEK,1,4,7,2D,4320,0.467,0.6117570002,0.4781398395,590
P,SEK,SEK,SEK,1,4,7,2E,4320,1.381,1.809071557,1.675454397,590
AB,SEK,SEK,SEK,1,4,7,2F,4320,0.774,1.013918454,0.8803012936,590
P,HOK,SEK,SEK,1,4,7,2G,4320,1.096,1.435729491,1.30211233,590
AB,HOK,SEK,SEK,1,4,7,2H,4320,0.762,0.9981987883,0.8645816276,590
P,HOK,HOK,SEK,1,3,7,3A,4320,1.015,1.329621746,1.196004585,590
AB,HOK,HOK,SEK,1,3,7,3B,4320,0.199,0.2606844605,0.1270672998,590
P,SEK,HOK,SEK,1,3,7,3C,4320,1.283,1.680694285,1.547077125,590
AB,SEK,HOK,SEK,1,3,7,3D,4320,0.454,0.594727362,0.4611102014,590
P,SEK,SEK,SEK,1,3,7,3E,4320,0.421,0.5514982807,0.41788112,590
AB,SEK,SEK,SEK,1,3,7,3F,4320,0.512,0.6707057475,0.5370885869,590
P,HOK,SEK,SEK,1,3,7,3G,4320,0.79,1.034878009,0.9012608482,590
AB,HOK,SEK,SEK,1,3,7,3H,4320,0.329,0.4309808417,0.297363681,590
P,HOK,HOK,SEK,1,2,7,4A,4320,1.062,1.391190437,1.257573277,590
AB,HOK,HOK,SEK,1,2,7,4B,4320,0.712,0.9327001801,0.7990830195,590
P,SEK,HOK,SEK,1,2,7,4C,4320,0.5,0.6549860815,0.5213689209,590
AB,SEK,HOK,SEK,1,2,7,4D,4320,0.453,0.5934173899,0.4598002292,590
P,SEK,SEK,SEK,1,2,7,4E,4320,0.383,0.5017193385,0.3681021778,590
AB,SEK,SEK,SEK,1,2,7,4F,4320,0.749,0.9811691502,0.8475519895,590
P,HOK,SEK,SEK,1,2,7,4G,4320,0.749,0.9811691502,0.8475519895,590
AB,HOK,SEK,SEK,1,2,7,4H,4320,0.564,0.7388243,0.6052071393,590
P,HOK,HOK,SEK,1,1,7,5A,4320,1.373,1.79859178,1.664974619,590
AB,HOK,HOK,SEK,1,1,7,5B,4320,0.453,0.5934173899,0.4598002292,590
P,SEK,HOK,SEK,1,1,7,5C,4320,1.031,1.3505813,1.21696414,590
AB,SEK,HOK,SEK,1,1,7,5D,4320,0.621,0.8134927133,0.6798755526,590
P,SEK,SEK,SEK,1,1,7,5E,4320,0.488,0.6392664156,0.505649255,590
AB,SEK,SEK,SEK,1,1,7,5F,4320,0.554,0.7257245784,0.5921074177,590
P,HOK,SEK,SEK,1,1,7,5G,4320,0.563,0.7375143278,0.6038971672,590
AB,HOK,SEK,SEK,1,1,7,5H,4320,0.443,0.5803176682,0.4467005076,590
P,HOK,HOK,HOK,1,5,7,6A,4320,0.633,0.8292123792,0.6955952186,590
AB,HOK,HOK,HOK,1,5,7,6B,4320,1.321,1.730473227,1.596856067,590
P,SEK,HOK,HOK,1,5,7,6C,4320,1.001,1.311282135,1.177664975,590
AB,SEK,HOK,HOK,1,5,7,6D,4320,1.11,1.454069101,1.32045194,590
P,SEK,SEK,HOK,1,5,7,6E,4320,1.282,1.679384313,1.545767152,590
AB,SEK,SEK,HOK,1,5,7,6F,4320,1.219,1.596856067,1.463238906,590
P,HOK,SEK,HOK,1,5,7,6G,4320,1.744,2.284591452,2.150974292,590
AB,HOK,SEK,HOK,1,5,7,6H,4320,0.755,0.9890289831,0.8554118225,590
P,HOK,HOK,HOK,1,4,7,7A,4320,1.706,2.23481251,2.10119535,590
AB,HOK,HOK,HOK,1,4,7,7B,4320,0.377,0.4938595055,0.3602423449,590
P,SEK,HOK,HOK,1,4,7,7C,4320,0.252,0.3301129851,0.1964958245,590
AB,SEK,HOK,HOK,1,4,7,7D,4320,0.292,0.3825118716,0.248894711,590
P,SEK,SEK,HOK,1,4,7,7E,4320,0.303,0.3969215654,0.2633044048,590
AB,SEK,SEK,HOK,1,4,7,7F,4320,0.398,0.5213689209,0.3877517603,590
P,HOK,SEK,HOK,1,4,7,7G,4320,0.586,0.7676436876,0.6340265269,590
AB,HOK,SEK,HOK,1,4,7,7H,4320,1.463,1.916489275,1.782872114,590
P,HOK,HOK,HOK,1,3,7,8A,4320,0.595,0.779433437,0.6458162764,590
AB,HOK,HOK,HOK,1,3,7,8B,4320,0.548,0.7178647454,0.5842475847,590
P,SEK,HOK,HOK,1,3,7,8C,4320,0.342,0.4480104798,0.3143933191,590
AB,SEK,HOK,HOK,1,3,7,8D,4320,0.708,0.9274602915,0.7938431308,590
P,SEK,SEK,HOK,1,3,7,8E,4320,1.421,1.861470444,1.727853283,590
AB,SEK,SEK,HOK,1,3,7,8F,4320,0.465,0.6091370558,0.4755198952,590
P,HOK,SEK,HOK,1,3,7,8G,4320,0.517,0.6772556083,0.5436384477,590
AB,HOK,SEK,HOK,1,3,7,8H,4320,0.554,0.7257245784,0.5921074177,590
P,HOK,HOK,HOK,1,2,7,9A,4320,0.463,0.6065171115,0.4728999509,590
AB,HOK,HOK,HOK,1,2,7,9B,4320,0.601,0.78729327,0.6536761094,590
P,SEK,HOK,HOK,1,2,7,9C,4320,1.623,2.126084821,1.99246766,590
AB,SEK,HOK,HOK,1,2,7,9D,4320,0.393,0.5148190601,0.3812018995,590
P,SEK,SEK,HOK,1,2,7,9E,4320,0.617,0.8082528246,0.674635664,590
AB,SEK,SEK,HOK,1,2,7,9FR,4320,0.824,1.079417062,0.9457999018,590
P,HOK,SEK,HOK,1,2,7,9G,4320,1.745,2.285901425,2.152284264,590
AB,HOK,SEK,HOK,1,2,7,9H,4320,0.576,0.7545439659,0.6209268053,590
P,HOK,HOK,HOK,1,1,7,10A,4320,0.946,1.239233666,1.105616506,590
AB,HOK,HOK,HOK,1,1,7,10B,4320,1.015,1.329621746,1.196004585,590
P,SEK,HOK,HOK,1,1,7,10C,4320,1.69,2.213852956,2.080235795,590
AB,SEK,HOK,HOK,1,1,7,10D,4320,0.583,0.7637137711,0.6300966104,590
P,SEK,SEK,HOK,1,1,7,10E,4320,0.654,0.8567217947,0.723104634,590
AB,SEK,SEK,HOK,1,1,7,10F,4320,0.857,1.122646144,0.9890289831,590
P,HOK,SEK,HOK,1,1,7,10G,4320,0.605,0.7925331587,0.658915998,590
AB,HOK,SEK,HOK,1,1,7,10H,4320,0.545,0.7139348289,0.5803176682,590